lecture,slide_id,slide_json,has_text,models_count,concepts_total,concepts_not_in_text,triples_total,triples_with_image_modality,triple_entities_not_in_text,img_modality_rate,not_in_text_rate,image_heavy_score
Lecture 19,Slide43,Lecture 19\Slide43.json,1,5,3,3,1,1,1,1.0,1.0,1.0
Lecture 19,Slide53,Lecture 19\Slide53.json,1,5,2,2,1,1,1,1.0,1.0,1.0
Lecture 19,Slide38,Lecture 19\Slide38.json,1,5,3,2,2,2,1,1.0,0.6,0.88
Lecture 17,Slide22,Lecture 17\Slide22.json,1,5,4,1,2,2,2,1.0,0.5,0.85
Lecture 13,Slide10,Lecture 13\Slide10.json,1,5,3,1,1,1,1,1.0,0.5,0.85
Lecture 19,Slide14,Lecture 19\Slide14.json,1,5,3,1,1,1,1,1.0,0.5,0.85
Lecture 19,Slide7,Lecture 19\Slide7.json,1,5,3,1,1,1,1,1.0,0.5,0.85
Lecture 5,Slide11,Lecture 5\Slide11.json,1,5,3,1,1,1,1,1.0,0.5,0.85
Lecture 5,Slide20,Lecture 5\Slide20.json,1,5,3,1,1,1,1,1.0,0.5,0.85
Lecture 5,Slide22,Lecture 5\Slide22.json,1,5,3,2,1,1,0,1.0,0.5,0.85
Lecture 5,Slide25,Lecture 5\Slide25.json,1,5,3,2,1,1,0,1.0,0.5,0.85
Lecture 21,Slide34,Lecture 21\Slide34.json,1,5,4,1,3,3,2,1.0,0.4286,0.8286
Lecture 5,Slide10,Lecture 5\Slide10.json,1,5,3,1,2,2,1,1.0,0.4,0.82
Lecture 17,Slide37,Lecture 17\Slide37.json,1,5,4,1,1,1,1,1.0,0.4,0.82
Lecture 7,Slide40,Lecture 7\Slide40.json,1,5,4,2,1,1,0,1.0,0.4,0.82
Lecture 5,Slide43,Lecture 5\Slide43.json,1,5,2,0,1,1,1,1.0,0.3333,0.8
Lecture 10,Slide47,Lecture 10\Slide47.json,1,5,3,1,1,1,0,1.0,0.25,0.775
Lecture 13,Slide19,Lecture 13\Slide19.json,1,5,3,0,1,1,1,1.0,0.25,0.775
Lecture 13,Slide23,Lecture 13\Slide23.json,1,5,3,1,1,1,0,1.0,0.25,0.775
Lecture 19,Slide21,Lecture 19\Slide21.json,1,5,3,0,1,1,1,1.0,0.25,0.775
Lecture 19,Slide27,Lecture 19\Slide27.json,1,5,3,1,1,1,0,1.0,0.25,0.775
Lecture 19,Slide41,Lecture 19\Slide41.json,1,5,3,1,1,1,0,1.0,0.25,0.775
Lecture 19,Slide49,Lecture 19\Slide49.json,1,5,11,2,1,1,1,1.0,0.25,0.775
Lecture 19,Slide51,Lecture 19\Slide51.json,1,5,3,0,1,1,1,1.0,0.25,0.775
Lecture 19,Slide9,Lecture 19\Slide9.json,1,5,3,0,1,1,1,1.0,0.25,0.775
Lecture 5,Slide19,Lecture 5\Slide19.json,1,5,3,1,1,1,0,1.0,0.25,0.775
Lecture 6,Slide12,Lecture 6\Slide12.json,1,5,3,0,1,1,1,1.0,0.25,0.775
Lecture 5,Slide49,Lecture 5\Slide49.json,1,5,3,0,2,2,1,1.0,0.2,0.76
Lecture 6,Slide35,Lecture 6\Slide35.json,1,5,3,0,2,2,1,1.0,0.2,0.76
Lecture 23,Slide47,Lecture 23\Slide47.json,1,5,4,1,1,1,0,1.0,0.2,0.76
Lecture 16,Slide45,Lecture 16\Slide45.json,1,5,4,0,2,2,1,1.0,0.1667,0.75
Lecture 9,Slide6,Lecture 9\Slide6.json,1,5,4,0,2,2,1,1.0,0.1667,0.75
Lecture 22,Slide18,Lecture 22\Slide18.json,1,5,10,1,3,3,1,1.0,0.1538,0.7462
Lecture 22,Slide38,Lecture 22\Slide38.json,1,5,4,1,3,3,0,1.0,0.1429,0.7429
Lecture 22,Slide6,Lecture 22\Slide6.json,1,5,4,1,3,3,0,1.0,0.1429,0.7429
Lecture 23,Slide37,Lecture 23\Slide37.json,1,5,4,1,3,3,0,1.0,0.1429,0.7429
Lecture 11,Slide47,Lecture 11\Slide47.json,1,5,12,2,3,3,0,1.0,0.1333,0.74
Lecture 19,Slide45,Lecture 19\Slide45.json,1,5,13,1,2,2,1,1.0,0.1333,0.74
Lecture 23,Slide10,Lecture 23\Slide10.json,1,5,14,1,1,1,1,1.0,0.1333,0.74
Lecture 19,Slide31,Lecture 19\Slide31.json,1,5,7,1,1,1,0,1.0,0.125,0.7375
Lecture 4,Slide31,Lecture 4\Slide31.json,1,5,17,1,1,1,1,1.0,0.1111,0.7333
Lecture 19,Slide6,Lecture 19\Slide6.json,1,5,8,1,2,2,0,1.0,0.1,0.73
Lecture 1,Slide36,Lecture 1\Slide36.json,1,5,19,1,1,1,1,1.0,0.1,0.73
Lecture 11,Slide11,Lecture 11\Slide11.json,1,5,9,1,1,1,0,1.0,0.1,0.73
Lecture 13,Slide46,Lecture 13\Slide46.json,1,5,9,1,1,1,0,1.0,0.1,0.73
Lecture 9,Slide27,Lecture 9\Slide27.json,1,5,8,1,3,3,0,1.0,0.0909,0.7273
Lecture 13,Slide39,Lecture 13\Slide39.json,1,5,10,0,1,1,1,1.0,0.0909,0.7273
Lecture 1,Slide39,Lecture 1\Slide39.json,1,5,13,0,1,1,1,1.0,0.0714,0.7214
Lecture 23,Slide2,Lecture 23\Slide2.json,1,5,13,1,1,1,0,1.0,0.0714,0.7214
Lecture 6,Slide38,Lecture 6\Slide38.json,1,5,13,0,1,1,1,1.0,0.0714,0.7214
Lecture 10,Slide14,Lecture 10\Slide14.json,1,5,14,1,2,2,0,1.0,0.0625,0.7188
Lecture 15,Slide6,Lecture 15\Slide6.json,1,5,16,0,3,3,0,1.0,0.0,0.7
Lecture 20,Slide7,Lecture 20\Slide7.json,1,5,4,0,3,3,0,1.0,0.0,0.7
Lecture 13,Slide37,Lecture 13\Slide37.json,1,5,8,0,2,2,0,1.0,0.0,0.7
Lecture 13,Slide49,Lecture 13\Slide49.json,1,5,3,0,2,2,0,1.0,0.0,0.7
Lecture 13,Slide6,Lecture 13\Slide6.json,1,5,5,0,2,2,0,1.0,0.0,0.7
Lecture 17,Slide24,Lecture 17\Slide24.json,1,5,4,0,2,2,0,1.0,0.0,0.7
Lecture 19,Slide13,Lecture 19\Slide13.json,1,5,5,0,2,2,0,1.0,0.0,0.7
Lecture 19,Slide20,Lecture 19\Slide20.json,1,5,16,0,2,2,0,1.0,0.0,0.7
Lecture 19,Slide50,Lecture 19\Slide50.json,1,5,3,0,2,2,0,1.0,0.0,0.7
Lecture 23,Slide30,Lecture 23\Slide30.json,1,5,8,0,2,2,0,1.0,0.0,0.7
Lecture 23,Slide34,Lecture 23\Slide34.json,1,5,4,0,2,2,0,1.0,0.0,0.7
Lecture 3,Slide33,Lecture 3\Slide33.json,1,5,16,0,2,2,0,1.0,0.0,0.7
Lecture 4,Slide47,Lecture 4\Slide47.json,1,5,17,0,2,2,0,1.0,0.0,0.7
Lecture 6,Slide16,Lecture 6\Slide16.json,1,5,3,0,2,2,0,1.0,0.0,0.7
Lecture 8,Slide13,Lecture 8\Slide13.json,1,5,17,0,2,2,0,1.0,0.0,0.7
Lecture 10,Slide40,Lecture 10\Slide40.json,1,5,3,0,1,1,0,1.0,0.0,0.7
Lecture 12,Slide36,Lecture 12\Slide36.json,1,5,11,0,1,1,0,1.0,0.0,0.7
Lecture 13,Slide20,Lecture 13\Slide20.json,1,5,11,0,1,1,0,1.0,0.0,0.7
Lecture 13,Slide36,Lecture 13\Slide36.json,1,5,10,0,1,1,0,1.0,0.0,0.7
Lecture 13,Slide40,Lecture 13\Slide40.json,1,5,16,0,1,1,0,1.0,0.0,0.7
Lecture 13,Slide44,Lecture 13\Slide44.json,1,5,9,0,1,1,0,1.0,0.0,0.7
Lecture 13,Slide45,Lecture 13\Slide45.json,1,5,15,0,1,1,0,1.0,0.0,0.7
Lecture 13,Slide47,Lecture 13\Slide47.json,1,5,6,0,1,1,0,1.0,0.0,0.7
Lecture 13,Slide7,Lecture 13\Slide7.json,1,5,3,0,1,1,0,1.0,0.0,0.7
Lecture 15,Slide27,Lecture 15\Slide27.json,1,5,15,0,1,1,0,1.0,0.0,0.7
Lecture 17,Slide23,Lecture 17\Slide23.json,1,5,4,0,1,1,0,1.0,0.0,0.7
Lecture 19,Slide15,Lecture 19\Slide15.json,1,5,8,0,1,1,0,1.0,0.0,0.7
Lecture 19,Slide18,Lecture 19\Slide18.json,1,5,12,0,1,1,0,1.0,0.0,0.7
Lecture 19,Slide39,Lecture 19\Slide39.json,1,5,3,0,1,1,0,1.0,0.0,0.7
Lecture 19,Slide47,Lecture 19\Slide47.json,1,5,3,0,1,1,0,1.0,0.0,0.7
Lecture 23,Slide22,Lecture 23\Slide22.json,1,5,9,0,1,1,0,1.0,0.0,0.7
Lecture 3,Slide21,Lecture 3\Slide21.json,1,5,21,0,1,1,0,1.0,0.0,0.7
Lecture 3,Slide38,Lecture 3\Slide38.json,1,5,17,0,1,1,0,1.0,0.0,0.7
Lecture 5,Slide23,Lecture 5\Slide23.json,1,5,10,0,1,1,0,1.0,0.0,0.7
Lecture 5,Slide36,Lecture 5\Slide36.json,1,5,3,0,1,1,0,1.0,0.0,0.7
Lecture 5,Slide47,Lecture 5\Slide47.json,1,5,3,0,1,1,0,1.0,0.0,0.7
Lecture 7,Slide31,Lecture 7\Slide31.json,1,5,13,0,1,1,0,1.0,0.0,0.7
Lecture 20,Slide3,Lecture 20\Slide3.json,1,5,4,4,2,1,2,0.5,1.0,0.65
Lecture 16,Slide11,Lecture 16\Slide11.json,1,5,4,2,4,3,1,0.75,0.375,0.6375
Lecture 12,Slide19,Lecture 12\Slide19.json,1,5,4,3,2,1,2,0.5,0.8333,0.6
Lecture 4,Slide27,Lecture 4\Slide27.json,1,5,4,1,4,3,0,0.75,0.125,0.5625
Lecture 9,Slide24,Lecture 9\Slide24.json,1,5,4,1,4,3,0,0.75,0.125,0.5625
Lecture 15,Slide23,Lecture 15\Slide23.json,1,5,10,2,3,2,2,0.6667,0.3077,0.559
Lecture 16,Slide36,Lecture 16\Slide36.json,1,5,4,1,3,2,1,0.6667,0.2857,0.5524
Lecture 16,Slide47,Lecture 16\Slide47.json,1,5,4,1,3,2,1,0.6667,0.2857,0.5524
Lecture 16,Slide7,Lecture 16\Slide7.json,1,5,4,1,3,2,1,0.6667,0.2857,0.5524
Lecture 21,Slide40,Lecture 21\Slide40.json,1,5,4,1,3,2,1,0.6667,0.2857,0.5524
Lecture 8,Slide34,Lecture 8\Slide34.json,1,5,7,1,4,3,0,0.75,0.0909,0.5523
Lecture 11,Slide59,Lecture 11\Slide59.json,1,5,4,4,2,1,0,0.5,0.6667,0.55
Lecture 15,Slide19,Lecture 15\Slide19.json,1,5,4,2,2,1,2,0.5,0.6667,0.55
Lecture 18,Slide52,Lecture 18\Slide52.json,1,5,4,2,2,1,2,0.5,0.6667,0.55
Lecture 20,Slide15,Lecture 20\Slide15.json,1,5,4,2,2,1,2,0.5,0.6667,0.55
Lecture 20,Slide48,Lecture 20\Slide48.json,1,5,4,3,2,1,1,0.5,0.6667,0.55
Lecture 21,Slide42,Lecture 21\Slide42.json,1,5,4,2,2,1,2,0.5,0.6667,0.55
Lecture 22,Slide7,Lecture 22\Slide7.json,1,5,4,2,2,1,2,0.5,0.6667,0.55
Lecture 9,Slide26,Lecture 9\Slide26.json,1,5,12,2,3,2,2,0.6667,0.2667,0.5467
Lecture 16,Slide10,Lecture 16\Slide10.json,1,5,4,4,4,2,1,0.5,0.625,0.5375
Lecture 4,Slide43,Lecture 4\Slide43.json,1,5,6,1,3,2,1,0.6667,0.2222,0.5333
Lecture 13,Slide18,Lecture 13\Slide18.json,1,5,3,2,2,1,1,0.5,0.6,0.53
Lecture 12,Slide37,Lecture 12\Slide37.json,1,5,4,0,4,3,0,0.75,0.0,0.525
Lecture 14,Slide31,Lecture 14\Slide31.json,1,5,14,0,4,3,0,0.75,0.0,0.525
Lecture 14,Slide41,Lecture 14\Slide41.json,1,5,13,0,4,3,0,0.75,0.0,0.525
Lecture 17,Slide39,Lecture 17\Slide39.json,1,5,26,0,4,3,0,0.75,0.0,0.525
Lecture 18,Slide12,Lecture 18\Slide12.json,1,5,31,0,4,3,0,0.75,0.0,0.525
Lecture 2,Slide33,Lecture 2\Slide33.json,1,5,21,0,4,3,0,0.75,0.0,0.525
Lecture 3,Slide13,Lecture 3\Slide13.json,1,5,20,0,4,3,0,0.75,0.0,0.525
Lecture 4,Slide17,Lecture 4\Slide17.json,1,5,15,0,4,3,0,0.75,0.0,0.525
Lecture 6,Slide36,Lecture 6\Slide36.json,1,5,3,1,3,2,0,0.6667,0.1667,0.5167
Lecture 6,Slide37,Lecture 6\Slide37.json,1,5,3,0,3,2,1,0.6667,0.1667,0.5167
Lecture 20,Slide46,Lecture 20\Slide46.json,1,5,10,1,3,2,1,0.6667,0.1538,0.5128
Lecture 1,Slide40,Lecture 1\Slide40.json,1,5,4,1,3,2,0,0.6667,0.1429,0.5095
Lecture 1,Slide41,Lecture 1\Slide41.json,1,5,4,0,3,2,1,0.6667,0.1429,0.5095
Lecture 12,Slide34,Lecture 12\Slide34.json,1,5,4,0,3,2,1,0.6667,0.1429,0.5095
Lecture 16,Slide6,Lecture 16\Slide6.json,1,5,4,0,3,2,1,0.6667,0.1429,0.5095
Lecture 17,Slide26,Lecture 17\Slide26.json,1,5,4,1,3,2,0,0.6667,0.1429,0.5095
Lecture 20,Slide20,Lecture 20\Slide20.json,1,5,4,1,3,2,0,0.6667,0.1429,0.5095
Lecture 20,Slide6,Lecture 20\Slide6.json,1,5,4,1,3,2,0,0.6667,0.1429,0.5095
Lecture 21,Slide29,Lecture 21\Slide29.json,1,5,4,1,3,2,0,0.6667,0.1429,0.5095
Lecture 15,Slide9,Lecture 15\Slide9.json,1,5,6,1,3,2,0,0.6667,0.1111,0.5
Lecture 1,Slide7,Lecture 1\Slide7.json,1,5,4,2,2,1,1,0.5,0.5,0.5
Lecture 12,Slide16,Lecture 12\Slide16.json,1,5,4,2,2,1,1,0.5,0.5,0.5
Lecture 12,Slide8,Lecture 12\Slide8.json,1,5,4,1,2,1,2,0.5,0.5,0.5
Lecture 14,Slide36,Lecture 14\Slide36.json,1,5,4,1,2,1,2,0.5,0.5,0.5
Lecture 18,Slide37,Lecture 18\Slide37.json,1,5,4,1,2,1,2,0.5,0.5,0.5
Lecture 23,Slide31,Lecture 23\Slide31.json,1,5,4,1,2,1,2,0.5,0.5,0.5
Lecture 23,Slide46,Lecture 23\Slide46.json,1,5,4,1,2,1,2,0.5,0.5,0.5
Lecture 8,Slide10,Lecture 8\Slide10.json,1,5,4,2,2,1,1,0.5,0.5,0.5
Lecture 8,Slide14,Lecture 8\Slide14.json,1,5,4,2,2,1,1,0.5,0.5,0.5
Lecture 8,Slide3,Lecture 8\Slide3.json,1,5,4,2,2,1,1,0.5,0.5,0.5
Lecture 9,Slide28,Lecture 9\Slide28.json,1,5,4,2,2,1,1,0.5,0.5,0.5
Lecture 9,Slide13,Lecture 9\Slide13.json,1,5,8,0,3,2,1,0.6667,0.0909,0.4939
Lecture 14,Slide34,Lecture 14\Slide34.json,1,5,9,0,3,2,1,0.6667,0.0833,0.4917
Lecture 12,Slide15,Lecture 12\Slide15.json,1,5,13,1,3,2,0,0.6667,0.0625,0.4854
Lecture 12,Slide14,Lecture 12\Slide14.json,1,5,15,1,3,2,0,0.6667,0.0556,0.4833
Lecture 19,Slide11,Lecture 19\Slide11.json,1,5,3,2,2,1,0,0.5,0.4,0.47
Lecture 19,Slide42,Lecture 19\Slide42.json,1,5,3,1,2,1,1,0.5,0.4,0.47
Lecture 5,Slide17,Lecture 5\Slide17.json,1,5,3,1,2,1,1,0.5,0.4,0.47
Lecture 1,Slide34,Lecture 1\Slide34.json,1,5,9,0,3,2,0,0.6667,0.0,0.4667
Lecture 11,Slide33,Lecture 11\Slide33.json,1,5,4,0,3,2,0,0.6667,0.0,0.4667
Lecture 11,Slide53,Lecture 11\Slide53.json,1,5,4,0,3,2,0,0.6667,0.0,0.4667
Lecture 17,Slide42,Lecture 17\Slide42.json,1,5,17,0,3,2,0,0.6667,0.0,0.4667
Lecture 19,Slide29,Lecture 19\Slide29.json,1,5,3,0,3,2,0,0.6667,0.0,0.4667
Lecture 2,Slide24,Lecture 2\Slide24.json,1,5,23,0,3,2,0,0.6667,0.0,0.4667
Lecture 20,Slide17,Lecture 20\Slide17.json,1,5,4,0,3,2,0,0.6667,0.0,0.4667
Lecture 20,Slide21,Lecture 20\Slide21.json,1,5,4,0,3,2,0,0.6667,0.0,0.4667
Lecture 20,Slide28,Lecture 20\Slide28.json,1,5,4,0,3,2,0,0.6667,0.0,0.4667
Lecture 22,Slide32,Lecture 22\Slide32.json,1,5,4,0,3,2,0,0.6667,0.0,0.4667
Lecture 23,Slide36,Lecture 23\Slide36.json,1,5,4,0,3,2,0,0.6667,0.0,0.4667
Lecture 23,Slide41,Lecture 23\Slide41.json,1,5,10,0,3,2,0,0.6667,0.0,0.4667
Lecture 4,Slide35,Lecture 4\Slide35.json,1,5,13,0,3,2,0,0.6667,0.0,0.4667
Lecture 20,Slide32,Lecture 20\Slide32.json,1,5,4,3,4,2,0,0.5,0.375,0.4625
Lecture 20,Slide4,Lecture 20\Slide4.json,1,5,4,1,4,2,2,0.5,0.375,0.4625
Lecture 23,Slide24,Lecture 23\Slide24.json,1,5,4,2,4,2,1,0.5,0.375,0.4625
Lecture 2,Slide12,Lecture 2\Slide12.json,1,5,9,2,2,1,2,0.5,0.3636,0.4591
Lecture 6,Slide40,Lecture 6\Slide40.json,1,5,3,1,5,3,0,0.6,0.125,0.4575
Lecture 20,Slide11,Lecture 20\Slide11.json,1,5,4,1,5,3,0,0.6,0.1111,0.4533
Lecture 12,Slide30,Lecture 12\Slide30.json,1,5,4,0,2,1,2,0.5,0.3333,0.45
Lecture 14,Slide32,Lecture 14\Slide32.json,1,5,4,1,2,1,1,0.5,0.3333,0.45
Lecture 14,Slide42,Lecture 14\Slide42.json,1,5,4,1,2,1,1,0.5,0.3333,0.45
Lecture 15,Slide5,Lecture 15\Slide5.json,1,5,4,1,2,1,1,0.5,0.3333,0.45
Lecture 17,Slide33,Lecture 17\Slide33.json,1,5,4,1,2,1,1,0.5,0.3333,0.45
Lecture 18,Slide53,Lecture 18\Slide53.json,1,5,4,2,2,1,0,0.5,0.3333,0.45
Lecture 20,Slide18,Lecture 20\Slide18.json,1,5,4,1,2,1,1,0.5,0.3333,0.45
Lecture 20,Slide54,Lecture 20\Slide54.json,1,5,4,2,2,1,0,0.5,0.3333,0.45
Lecture 22,Slide25,Lecture 22\Slide25.json,1,5,4,0,2,1,2,0.5,0.3333,0.45
Lecture 23,Slide29,Lecture 23\Slide29.json,1,5,4,0,2,1,2,0.5,0.3333,0.45
Lecture 23,Slide7,Lecture 23\Slide7.json,1,5,4,1,2,1,1,0.5,0.3333,0.45
Lecture 3,Slide9,Lecture 3\Slide9.json,1,5,4,1,2,1,1,0.5,0.3333,0.45
Lecture 4,Slide25,Lecture 4\Slide25.json,1,5,4,1,2,1,1,0.5,0.3333,0.45
Lecture 4,Slide34,Lecture 4\Slide34.json,1,5,4,0,2,1,2,0.5,0.3333,0.45
Lecture 4,Slide45,Lecture 4\Slide45.json,1,5,4,1,2,1,1,0.5,0.3333,0.45
Lecture 9,Slide17,Lecture 9\Slide17.json,1,5,4,2,2,1,0,0.5,0.3333,0.45
Lecture 4,Slide29,Lecture 4\Slide29.json,1,5,8,1,2,1,2,0.5,0.3,0.44
Lecture 18,Slide32,Lecture 18\Slide32.json,1,5,16,0,5,3,1,0.6,0.0476,0.4343
Lecture 1,Slide30,Lecture 1\Slide30.json,1,5,9,1,2,1,2,0.5,0.2727,0.4318
Lecture 20,Slide36,Lecture 20\Slide36.json,1,5,9,1,2,1,2,0.5,0.2727,0.4318
Lecture 16,Slide39,Lecture 16\Slide39.json,1,5,4,2,4,2,0,0.5,0.25,0.425
Lecture 18,Slide4,Lecture 18\Slide4.json,1,5,4,0,4,2,2,0.5,0.25,0.425
Lecture 20,Slide12,Lecture 20\Slide12.json,1,5,4,2,4,2,0,0.5,0.25,0.425
Lecture 15,Slide14,Lecture 15\Slide14.json,1,5,10,1,2,1,2,0.5,0.25,0.425
Lecture 17,Slide48,Lecture 17\Slide48.json,1,5,10,1,2,1,2,0.5,0.25,0.425
Lecture 19,Slide23,Lecture 19\Slide23.json,1,5,6,2,2,1,0,0.5,0.25,0.425
Lecture 9,Slide18,Lecture 9\Slide18.json,1,5,10,2,2,1,1,0.5,0.25,0.425
Lecture 11,Slide7,Lecture 11\Slide7.json,1,5,13,0,5,3,0,0.6,0.0,0.42
Lecture 14,Slide15,Lecture 14\Slide15.json,1,5,11,0,5,3,0,0.6,0.0,0.42
Lecture 18,Slide14,Lecture 18\Slide14.json,1,5,15,0,5,3,0,0.6,0.0,0.42
Lecture 14,Slide44,Lecture 14\Slide44.json,1,5,5,1,4,2,1,0.5,0.2222,0.4167
Lecture 11,Slide46,Lecture 11\Slide46.json,1,5,7,2,2,1,0,0.5,0.2222,0.4167
Lecture 1,Slide38,Lecture 1\Slide38.json,1,5,12,2,2,1,1,0.5,0.2143,0.4143
Lecture 10,Slide38,Lecture 10\Slide38.json,1,5,3,0,2,1,1,0.5,0.2,0.41
Lecture 13,Slide12,Lecture 13\Slide12.json,1,5,3,0,2,1,1,0.5,0.2,0.41
Lecture 19,Slide22,Lecture 19\Slide22.json,1,5,3,0,2,1,1,0.5,0.2,0.41
Lecture 19,Slide36,Lecture 19\Slide36.json,1,5,3,0,2,1,1,0.5,0.2,0.41
Lecture 19,Slide48,Lecture 19\Slide48.json,1,5,3,1,2,1,0,0.5,0.2,0.41
Lecture 20,Slide53,Lecture 20\Slide53.json,1,5,3,0,2,1,1,0.5,0.2,0.41
Lecture 21,Slide33,Lecture 21\Slide33.json,1,5,13,2,2,1,1,0.5,0.2,0.41
Lecture 5,Slide14,Lecture 5\Slide14.json,1,5,3,1,2,1,0,0.5,0.2,0.41
Lecture 5,Slide15,Lecture 5\Slide15.json,1,5,3,1,2,1,0,0.5,0.2,0.41
Lecture 5,Slide21,Lecture 5\Slide21.json,1,5,3,1,2,1,0,0.5,0.2,0.41
Lecture 8,Slide9,Lecture 8\Slide9.json,1,5,13,1,2,1,2,0.5,0.2,0.41
Lecture 23,Slide13,Lecture 23\Slide13.json,1,5,12,2,4,2,1,0.5,0.1875,0.4062
Lecture 23,Slide19,Lecture 23\Slide19.json,1,5,14,2,2,1,1,0.5,0.1875,0.4062
Lecture 4,Slide28,Lecture 4\Slide28.json,1,5,4,3,3,1,1,0.3333,0.5714,0.4048
Lecture 1,Slide6,Lecture 1\Slide6.json,1,5,9,2,2,1,0,0.5,0.1818,0.4045
Lecture 20,Slide44,Lecture 20\Slide44.json,1,5,15,1,2,1,2,0.5,0.1765,0.4029
Lecture 1,Slide42,Lecture 1\Slide42.json,1,5,4,1,2,1,0,0.5,0.1667,0.4
Lecture 11,Slide26,Lecture 11\Slide26.json,1,5,4,1,2,1,0,0.5,0.1667,0.4
Lecture 11,Slide40,Lecture 11\Slide40.json,1,5,10,1,2,1,1,0.5,0.1667,0.4
Lecture 11,Slide44,Lecture 11\Slide44.json,1,5,10,1,2,1,1,0.5,0.1667,0.4
Lecture 12,Slide41,Lecture 12\Slide41.json,1,5,4,1,2,1,0,0.5,0.1667,0.4
Lecture 15,Slide10,Lecture 15\Slide10.json,1,5,4,0,2,1,1,0.5,0.1667,0.4
Lecture 17,Slide21,Lecture 17\Slide21.json,1,5,4,0,2,1,1,0.5,0.1667,0.4
Lecture 18,Slide22,Lecture 18\Slide22.json,1,5,10,1,2,1,1,0.5,0.1667,0.4
Lecture 18,Slide25,Lecture 18\Slide25.json,1,5,4,0,2,1,1,0.5,0.1667,0.4
Lecture 20,Slide14,Lecture 20\Slide14.json,1,5,4,0,2,1,1,0.5,0.1667,0.4
Lecture 20,Slide25,Lecture 20\Slide25.json,1,5,4,0,2,1,1,0.5,0.1667,0.4
Lecture 20,Slide30,Lecture 20\Slide30.json,1,5,4,0,2,1,1,0.5,0.1667,0.4
Lecture 20,Slide5,Lecture 20\Slide5.json,1,5,4,1,2,1,0,0.5,0.1667,0.4
Lecture 21,Slide21,Lecture 21\Slide21.json,1,5,4,0,2,1,1,0.5,0.1667,0.4
Lecture 22,Slide33,Lecture 22\Slide33.json,1,5,4,0,2,1,1,0.5,0.1667,0.4
Lecture 22,Slide34,Lecture 22\Slide34.json,1,5,4,1,2,1,0,0.5,0.1667,0.4
Lecture 22,Slide43,Lecture 22\Slide43.json,1,5,4,0,2,1,1,0.5,0.1667,0.4
Lecture 22,Slide5,Lecture 22\Slide5.json,1,5,4,0,2,1,1,0.5,0.1667,0.4
Lecture 23,Slide18,Lecture 23\Slide18.json,1,5,4,1,2,1,0,0.5,0.1667,0.4
Lecture 23,Slide26,Lecture 23\Slide26.json,1,5,4,0,2,1,1,0.5,0.1667,0.4
Lecture 23,Slide38,Lecture 23\Slide38.json,1,5,4,1,2,1,0,0.5,0.1667,0.4
Lecture 23,Slide45,Lecture 23\Slide45.json,1,5,4,0,2,1,1,0.5,0.1667,0.4
Lecture 23,Slide5,Lecture 23\Slide5.json,1,5,4,0,2,1,1,0.5,0.1667,0.4
Lecture 4,Slide36,Lecture 4\Slide36.json,1,5,10,0,2,1,2,0.5,0.1667,0.4
Lecture 4,Slide46,Lecture 4\Slide46.json,1,5,4,1,2,1,0,0.5,0.1667,0.4
Lecture 8,Slide23,Lecture 8\Slide23.json,1,5,4,0,2,1,1,0.5,0.1667,0.4
Lecture 12,Slide31,Lecture 12\Slide31.json,1,5,11,0,2,1,2,0.5,0.1538,0.3962
Lecture 17,Slide38,Lecture 17\Slide38.json,1,5,11,0,2,1,2,0.5,0.1538,0.3962
Lecture 19,Slide3,Lecture 19\Slide3.json,1,5,11,1,2,1,1,0.5,0.1538,0.3962
Lecture 22,Slide41,Lecture 22\Slide41.json,1,5,11,1,2,1,1,0.5,0.1538,0.3962
Lecture 16,Slide30,Lecture 16\Slide30.json,1,5,12,1,2,1,1,0.5,0.1429,0.3929
Lecture 17,Slide43,Lecture 17\Slide43.json,1,5,5,0,2,1,1,0.5,0.1429,0.3929
Lecture 21,Slide30,Lecture 21\Slide30.json,1,5,12,1,2,1,1,0.5,0.1429,0.3929
Lecture 21,Slide36,Lecture 21\Slide36.json,1,5,12,1,2,1,1,0.5,0.1429,0.3929
Lecture 6,Slide20,Lecture 6\Slide20.json,1,5,5,0,2,1,1,0.5,0.1429,0.3929
Lecture 14,Slide9,Lecture 14\Slide9.json,1,5,13,1,2,1,1,0.5,0.1333,0.39
Lecture 21,Slide27,Lecture 21\Slide27.json,1,5,13,1,2,1,1,0.5,0.1333,0.39
Lecture 11,Slide14,Lecture 11\Slide14.json,1,5,20,1,4,2,2,0.5,0.125,0.3875
Lecture 17,Slide32,Lecture 17\Slide32.json,1,5,4,1,4,2,0,0.5,0.125,0.3875
Lecture 18,Slide6,Lecture 18\Slide6.json,1,5,4,0,4,2,1,0.5,0.125,0.3875
Lecture 20,Slide29,Lecture 20\Slide29.json,1,5,4,0,4,2,1,0.5,0.125,0.3875
Lecture 20,Slide9,Lecture 20\Slide9.json,1,5,4,1,4,2,0,0.5,0.125,0.3875
Lecture 3,Slide11,Lecture 3\Slide11.json,1,5,4,1,4,2,0,0.5,0.125,0.3875
Lecture 9,Slide9,Lecture 9\Slide9.json,1,5,12,1,4,2,1,0.5,0.125,0.3875
Lecture 10,Slide49,Lecture 10\Slide49.json,1,5,6,1,2,1,0,0.5,0.125,0.3875
Lecture 20,Slide42,Lecture 20\Slide42.json,1,5,6,0,2,1,1,0.5,0.125,0.3875
Lecture 11,Slide58,Lecture 11\Slide58.json,1,5,15,1,2,1,1,0.5,0.1176,0.3853
Lecture 14,Slide37,Lecture 14\Slide37.json,1,5,5,0,4,2,1,0.5,0.1111,0.3833
Lecture 1,Slide15,Lecture 1\Slide15.json,1,5,8,1,2,1,0,0.5,0.1,0.38
Lecture 1,Slide37,Lecture 1\Slide37.json,1,5,8,0,2,1,1,0.5,0.1,0.38
Lecture 8,Slide8,Lecture 8\Slide8.json,1,5,18,0,2,1,2,0.5,0.1,0.38
Lecture 11,Slide15,Lecture 11\Slide15.json,1,5,9,0,2,1,1,0.5,0.0909,0.3773
Lecture 12,Slide46,Lecture 12\Slide46.json,1,5,9,1,2,1,0,0.5,0.0909,0.3773
Lecture 14,Slide52,Lecture 14\Slide52.json,1,5,9,0,2,1,1,0.5,0.0909,0.3773
Lecture 15,Slide1,Lecture 15\Slide1.json,1,5,9,0,2,1,1,0.5,0.0909,0.3773
Lecture 23,Slide32,Lecture 23\Slide32.json,1,5,9,1,2,1,0,0.5,0.0909,0.3773
Lecture 15,Slide7,Lecture 15\Slide7.json,1,5,10,1,2,1,0,0.5,0.0833,0.375
Lecture 17,Slide25,Lecture 17\Slide25.json,1,5,22,0,2,1,2,0.5,0.0833,0.375
Lecture 18,Slide35,Lecture 18\Slide35.json,1,5,10,0,2,1,1,0.5,0.0833,0.375
Lecture 20,Slide38,Lecture 20\Slide38.json,1,5,10,1,2,1,0,0.5,0.0833,0.375
Lecture 20,Slide47,Lecture 20\Slide47.json,1,5,10,0,2,1,1,0.5,0.0833,0.375
Lecture 20,Slide37,Lecture 20\Slide37.json,1,5,9,0,4,2,1,0.5,0.0769,0.3731
Lecture 21,Slide39,Lecture 21\Slide39.json,1,5,9,1,4,2,0,0.5,0.0769,0.3731
Lecture 15,Slide12,Lecture 15\Slide12.json,1,5,11,1,2,1,0,0.5,0.0769,0.3731
Lecture 22,Slide20,Lecture 22\Slide20.json,1,5,11,1,2,1,0,0.5,0.0769,0.3731
Lecture 23,Slide16,Lecture 23\Slide16.json,1,5,11,1,2,1,0,0.5,0.0769,0.3731
Lecture 8,Slide5,Lecture 8\Slide5.json,1,5,11,0,2,1,1,0.5,0.0769,0.3731
Lecture 16,Slide41,Lecture 16\Slide41.json,1,5,11,0,4,2,1,0.5,0.0667,0.37
Lecture 4,Slide26,Lecture 4\Slide26.json,1,5,11,0,4,2,1,0.5,0.0667,0.37
Lecture 10,Slide13,Lecture 10\Slide13.json,1,5,13,0,2,1,1,0.5,0.0667,0.37
Lecture 17,Slide36,Lecture 17\Slide36.json,1,5,13,0,2,1,1,0.5,0.0667,0.37
Lecture 12,Slide42,Lecture 12\Slide42.json,1,5,14,0,2,1,1,0.5,0.0625,0.3687
Lecture 16,Slide4,Lecture 16\Slide4.json,1,5,14,0,2,1,1,0.5,0.0625,0.3687
Lecture 21,Slide22,Lecture 21\Slide22.json,1,5,14,1,2,1,0,0.5,0.0625,0.3687
Lecture 8,Slide7,Lecture 8\Slide7.json,1,5,14,1,2,1,0,0.5,0.0625,0.3687
Lecture 12,Slide17,Lecture 12\Slide17.json,1,5,15,0,2,1,1,0.5,0.0588,0.3676
Lecture 22,Slide15,Lecture 22\Slide15.json,1,5,15,0,2,1,1,0.5,0.0588,0.3676
Lecture 18,Slide20,Lecture 18\Slide20.json,1,5,16,0,2,1,1,0.5,0.0556,0.3667
Lecture 17,Slide53,Lecture 17\Slide53.json,1,5,18,1,2,1,0,0.5,0.05,0.365
Lecture 15,Slide16,Lecture 15\Slide16.json,1,5,19,0,2,1,1,0.5,0.0476,0.3643
Lecture 16,Slide16,Lecture 16\Slide16.json,1,5,19,0,2,1,1,0.5,0.0476,0.3643
Lecture 23,Slide12,Lecture 23\Slide12.json,1,5,18,1,4,2,0,0.5,0.0455,0.3636
Lecture 11,Slide29,Lecture 11\Slide29.json,1,5,4,1,3,1,2,0.3333,0.4286,0.3619
Lecture 12,Slide22,Lecture 12\Slide22.json,1,5,4,1,3,1,2,0.3333,0.4286,0.3619
Lecture 20,Slide43,Lecture 20\Slide43.json,1,5,4,1,3,1,2,0.3333,0.4286,0.3619
Lecture 22,Slide42,Lecture 22\Slide42.json,1,5,4,1,3,1,2,0.3333,0.4286,0.3619
Lecture 2,Slide17,Lecture 2\Slide17.json,1,5,7,2,3,1,2,0.3333,0.4,0.3533
Lecture 16,Slide32,Lecture 16\Slide32.json,1,5,16,0,8,4,0,0.5,0.0,0.35
Lecture 11,Slide60,Lecture 11\Slide60.json,1,5,12,0,4,2,0,0.5,0.0,0.35
Lecture 12,Slide6,Lecture 12\Slide6.json,1,5,4,0,4,2,0,0.5,0.0,0.35
Lecture 17,Slide1,Lecture 17\Slide1.json,1,5,14,0,4,2,0,0.5,0.0,0.35
Lecture 17,Slide29,Lecture 17\Slide29.json,1,5,17,0,4,2,0,0.5,0.0,0.35
Lecture 17,Slide45,Lecture 17\Slide45.json,1,5,15,0,4,2,0,0.5,0.0,0.35
Lecture 22,Slide1,Lecture 22\Slide1.json,1,5,19,0,4,2,0,0.5,0.0,0.35
Lecture 6,Slide4,Lecture 6\Slide4.json,1,5,21,0,4,2,0,0.5,0.0,0.35
Lecture 1,Slide4,Lecture 1\Slide4.json,1,5,13,0,2,1,0,0.5,0.0,0.35
Lecture 1,Slide43,Lecture 1\Slide43.json,1,5,12,0,2,1,0,0.5,0.0,0.35
Lecture 1,Slide50,Lecture 1\Slide50.json,1,5,26,0,2,1,0,0.5,0.0,0.35
Lecture 11,Slide42,Lecture 11\Slide42.json,1,5,4,0,2,1,0,0.5,0.0,0.35
Lecture 11,Slide51,Lecture 11\Slide51.json,1,5,4,0,2,1,0,0.5,0.0,0.35
Lecture 12,Slide23,Lecture 12\Slide23.json,1,5,12,0,2,1,0,0.5,0.0,0.35
Lecture 12,Slide45,Lecture 12\Slide45.json,1,5,4,0,2,1,0,0.5,0.0,0.35
Lecture 13,Slide42,Lecture 13\Slide42.json,1,5,18,0,2,1,0,0.5,0.0,0.35
Lecture 14,Slide27,Lecture 14\Slide27.json,1,5,4,0,2,1,0,0.5,0.0,0.35
Lecture 14,Slide40,Lecture 14\Slide40.json,1,5,10,0,2,1,0,0.5,0.0,0.35
Lecture 14,Slide43,Lecture 14\Slide43.json,1,5,13,0,2,1,0,0.5,0.0,0.35
Lecture 15,Slide11,Lecture 15\Slide11.json,1,5,14,0,2,1,0,0.5,0.0,0.35
Lecture 15,Slide18,Lecture 15\Slide18.json,1,5,11,0,2,1,0,0.5,0.0,0.35
Lecture 15,Slide22,Lecture 15\Slide22.json,1,5,10,0,2,1,0,0.5,0.0,0.35
Lecture 16,Slide54,Lecture 16\Slide54.json,1,5,14,0,2,1,0,0.5,0.0,0.35
Lecture 17,Slide47,Lecture 17\Slide47.json,1,5,19,0,2,1,0,0.5,0.0,0.35
Lecture 17,Slide54,Lecture 17\Slide54.json,1,5,12,0,2,1,0,0.5,0.0,0.35
Lecture 18,Slide10,Lecture 18\Slide10.json,1,5,10,0,2,1,0,0.5,0.0,0.35
Lecture 18,Slide11,Lecture 18\Slide11.json,1,5,14,0,2,1,0,0.5,0.0,0.35
Lecture 18,Slide28,Lecture 18\Slide28.json,1,5,16,0,2,1,0,0.5,0.0,0.35
Lecture 19,Slide12,Lecture 19\Slide12.json,1,5,3,0,2,1,0,0.5,0.0,0.35
Lecture 19,Slide37,Lecture 19\Slide37.json,1,5,3,0,2,1,0,0.5,0.0,0.35
Lecture 19,Slide52,Lecture 19\Slide52.json,1,5,3,0,2,1,0,0.5,0.0,0.35
Lecture 2,Slide35,Lecture 2\Slide35.json,1,5,29,0,2,1,0,0.5,0.0,0.35
Lecture 20,Slide22,Lecture 20\Slide22.json,1,5,4,0,2,1,0,0.5,0.0,0.35
Lecture 20,Slide39,Lecture 20\Slide39.json,1,5,4,0,2,1,0,0.5,0.0,0.35
Lecture 21,Slide28,Lecture 21\Slide28.json,1,5,10,0,2,1,0,0.5,0.0,0.35
Lecture 21,Slide9,Lecture 21\Slide9.json,1,5,17,0,2,1,0,0.5,0.0,0.35
Lecture 22,Slide11,Lecture 22\Slide11.json,1,5,13,0,2,1,0,0.5,0.0,0.35
Lecture 22,Slide13,Lecture 22\Slide13.json,1,5,10,0,2,1,0,0.5,0.0,0.35
Lecture 23,Slide14,Lecture 23\Slide14.json,1,5,9,0,2,1,0,0.5,0.0,0.35
Lecture 23,Slide17,Lecture 23\Slide17.json,1,5,4,0,2,1,0,0.5,0.0,0.35
Lecture 23,Slide39,Lecture 23\Slide39.json,1,5,4,0,2,1,0,0.5,0.0,0.35
Lecture 3,Slide15,Lecture 3\Slide15.json,1,5,8,0,2,1,0,0.5,0.0,0.35
Lecture 3,Slide18,Lecture 3\Slide18.json,1,5,11,0,2,1,0,0.5,0.0,0.35
Lecture 3,Slide31,Lecture 3\Slide31.json,1,5,15,0,2,1,0,0.5,0.0,0.35
Lecture 4,Slide20,Lecture 4\Slide20.json,1,5,19,0,2,1,0,0.5,0.0,0.35
Lecture 4,Slide38,Lecture 4\Slide38.json,1,5,12,0,2,1,0,0.5,0.0,0.35
Lecture 5,Slide28,Lecture 5\Slide28.json,1,5,3,0,2,1,0,0.5,0.0,0.35
Lecture 6,Slide21,Lecture 6\Slide21.json,1,5,13,0,2,1,0,0.5,0.0,0.35
Lecture 7,Slide12,Lecture 7\Slide12.json,1,5,10,0,2,1,0,0.5,0.0,0.35
Lecture 8,Slide4,Lecture 8\Slide4.json,1,5,9,0,2,1,0,0.5,0.0,0.35
Lecture 8,Slide6,Lecture 8\Slide6.json,1,5,22,0,2,1,0,0.5,0.0,0.35
Lecture 9,Slide10,Lecture 9\Slide10.json,1,5,15,0,2,1,0,0.5,0.0,0.35
Lecture 9,Slide11,Lecture 9\Slide11.json,1,5,11,0,2,1,0,0.5,0.0,0.35
Lecture 9,Slide12,Lecture 9\Slide12.json,1,5,17,0,2,1,0,0.5,0.0,0.35
Lecture 9,Slide4,Lecture 9\Slide4.json,1,5,13,0,2,1,0,0.5,0.0,0.35
Lecture 9,Slide5,Lecture 9\Slide5.json,1,5,14,0,2,1,0,0.5,0.0,0.35
Lecture 9,Slide7,Lecture 9\Slide7.json,1,5,13,0,2,1,0,0.5,0.0,0.35
Lecture 21,Slide4,Lecture 21\Slide4.json,1,5,3,2,3,1,0,0.3333,0.3333,0.3333
Lecture 6,Slide13,Lecture 6\Slide13.json,1,5,3,1,3,1,1,0.3333,0.3333,0.3333
Lecture 22,Slide40,Lecture 22\Slide40.json,1,5,13,3,3,1,2,0.3333,0.3125,0.3271
Lecture 11,Slide18,Lecture 11\Slide18.json,1,5,4,1,3,1,1,0.3333,0.2857,0.319
Lecture 14,Slide8,Lecture 14\Slide8.json,1,5,4,1,3,1,1,0.3333,0.2857,0.319
Lecture 16,Slide18,Lecture 16\Slide18.json,1,5,4,2,3,1,0,0.3333,0.2857,0.319
Lecture 16,Slide37,Lecture 16\Slide37.json,1,5,4,0,3,1,2,0.3333,0.2857,0.319
Lecture 16,Slide46,Lecture 16\Slide46.json,1,5,4,2,3,1,0,0.3333,0.2857,0.319
Lecture 16,Slide51,Lecture 16\Slide51.json,1,5,4,1,3,1,1,0.3333,0.2857,0.319
Lecture 16,Slide8,Lecture 16\Slide8.json,1,5,4,1,3,1,1,0.3333,0.2857,0.319
Lecture 20,Slide24,Lecture 20\Slide24.json,1,5,4,1,3,1,1,0.3333,0.2857,0.319
Lecture 11,Slide63,Lecture 11\Slide63.json,1,5,4,1,5,2,0,0.4,0.1111,0.3133
Lecture 12,Slide35,Lecture 12\Slide35.json,1,5,4,1,5,2,0,0.4,0.1111,0.3133
Lecture 20,Slide52,Lecture 20\Slide52.json,1,5,4,1,5,2,0,0.4,0.1111,0.3133
Lecture 8,Slide17,Lecture 8\Slide17.json,1,5,4,1,5,2,0,0.4,0.1111,0.3133
Lecture 12,Slide7,Lecture 12\Slide7.json,1,5,14,1,5,2,1,0.4,0.1053,0.3116
Lecture 9,Slide8,Lecture 9\Slide8.json,1,5,14,1,5,2,1,0.4,0.1053,0.3116
Lecture 11,Slide37,Lecture 11\Slide37.json,1,5,10,1,3,1,2,0.3333,0.2308,0.3026
Lecture 10,Slide2,Lecture 10\Slide2.json,1,5,1,1,0,0,0,0.0,1.0,0.3
Lecture 6,Slide2,Lecture 6\Slide2.json,1,5,1,1,0,0,0,0.0,1.0,0.3
Lecture 1,Slide12,Lecture 1\Slide12.json,1,5,12,0,5,2,1,0.4,0.0588,0.2976
Lecture 14,Slide23,Lecture 14\Slide23.json,1,5,11,2,3,1,1,0.3333,0.2143,0.2976
Lecture 4,Slide8,Lecture 4\Slide8.json,1,5,17,1,5,2,0,0.4,0.0455,0.2936
Lecture 17,Slide6,Lecture 17\Slide6.json,1,5,4,0,6,2,2,0.3333,0.2,0.2933
Lecture 23,Slide21,Lecture 23\Slide21.json,1,5,12,1,3,1,2,0.3333,0.2,0.2933
Lecture 11,Slide28,Lecture 11\Slide28.json,1,5,9,0,3,1,2,0.3333,0.1667,0.2833
Lecture 1,Slide44,Lecture 1\Slide44.json,1,5,9,0,5,2,0,0.4,0.0,0.28
Lecture 14,Slide60,Lecture 14\Slide60.json,1,5,4,0,5,2,0,0.4,0.0,0.28
Lecture 17,Slide30,Lecture 17\Slide30.json,1,5,12,0,5,2,0,0.4,0.0,0.28
Lecture 22,Slide35,Lecture 22\Slide35.json,1,5,14,0,5,2,0,0.4,0.0,0.28
Lecture 23,Slide11,Lecture 23\Slide11.json,1,5,4,0,5,2,0,0.4,0.0,0.28
Lecture 6,Slide34,Lecture 6\Slide34.json,1,5,3,0,5,2,0,0.4,0.0,0.28
Lecture 11,Slide32,Lecture 11\Slide32.json,1,5,4,1,3,1,0,0.3333,0.1429,0.2762
Lecture 12,Slide29,Lecture 12\Slide29.json,1,5,11,2,3,1,0,0.3333,0.1429,0.2762
Lecture 12,Slide32,Lecture 12\Slide32.json,1,5,11,0,3,1,2,0.3333,0.1429,0.2762
Lecture 14,Slide28,Lecture 14\Slide28.json,1,5,4,0,3,1,1,0.3333,0.1429,0.2762
Lecture 16,Slide19,Lecture 16\Slide19.json,1,5,4,0,3,1,1,0.3333,0.1429,0.2762
Lecture 17,Slide41,Lecture 17\Slide41.json,1,5,4,0,3,1,1,0.3333,0.1429,0.2762
Lecture 20,Slide13,Lecture 20\Slide13.json,1,5,4,0,3,1,1,0.3333,0.1429,0.2762
Lecture 21,Slide41,Lecture 21\Slide41.json,1,5,4,0,3,1,1,0.3333,0.1429,0.2762
Lecture 22,Slide23,Lecture 22\Slide23.json,1,5,4,1,3,1,0,0.3333,0.1429,0.2762
Lecture 21,Slide37,Lecture 21\Slide37.json,1,5,12,1,3,1,1,0.3333,0.1333,0.2733
Lecture 17,Slide35,Lecture 17\Slide35.json,1,5,13,0,3,1,2,0.3333,0.125,0.2708
Lecture 16,Slide9,Lecture 16\Slide9.json,1,5,14,0,3,1,2,0.3333,0.1176,0.2686
Lecture 18,Slide50,Lecture 18\Slide50.json,1,5,14,0,3,1,2,0.3333,0.1176,0.2686
Lecture 21,Slide10,Lecture 21\Slide10.json,1,5,16,1,3,1,1,0.3333,0.1053,0.2649
Lecture 4,Slide9,Lecture 4\Slide9.json,1,5,17,1,3,1,1,0.3333,0.1,0.2633
Lecture 4,Slide30,Lecture 4\Slide30.json,1,5,9,0,3,1,1,0.3333,0.0833,0.2583
Lecture 6,Slide19,Lecture 6\Slide19.json,1,5,9,1,3,1,0,0.3333,0.0833,0.2583
Lecture 4,Slide15,Lecture 4\Slide15.json,1,5,10,0,3,1,1,0.3333,0.0769,0.2564
Lecture 8,Slide12,Lecture 8\Slide12.json,1,5,10,1,3,1,0,0.3333,0.0769,0.2564
Lecture 17,Slide14,Lecture 17\Slide14.json,1,5,11,1,3,1,0,0.3333,0.0714,0.2548
Lecture 11,Slide41,Lecture 11\Slide41.json,1,5,4,1,4,1,1,0.25,0.25,0.25
Lecture 12,Slide18,Lecture 12\Slide18.json,1,5,4,2,4,1,0,0.25,0.25,0.25
Lecture 18,Slide43,Lecture 18\Slide43.json,1,5,4,0,4,1,2,0.25,0.25,0.25
Lecture 21,Slide11,Lecture 21\Slide11.json,1,5,17,1,3,1,0,0.3333,0.05,0.2483
Lecture 22,Slide21,Lecture 22\Slide21.json,1,5,17,0,3,1,1,0.3333,0.05,0.2483
Lecture 2,Slide22,Lecture 2\Slide22.json,1,5,20,0,3,1,1,0.3333,0.0435,0.2464
Lecture 4,Slide49,Lecture 4\Slide49.json,1,5,23,0,3,1,1,0.3333,0.0385,0.2449
Lecture 14,Slide38,Lecture 14\Slide38.json,1,5,24,0,3,1,1,0.3333,0.037,0.2444
Lecture 1,Slide5,Lecture 1\Slide5.json,1,5,4,0,3,1,0,0.3333,0.0,0.2333
Lecture 1,Slide8,Lecture 1\Slide8.json,1,5,19,0,3,1,0,0.3333,0.0,0.2333
Lecture 11,Slide25,Lecture 11\Slide25.json,1,5,4,0,3,1,0,0.3333,0.0,0.2333
Lecture 11,Slide31,Lecture 11\Slide31.json,1,5,13,0,3,1,0,0.3333,0.0,0.2333
Lecture 11,Slide62,Lecture 11\Slide62.json,1,5,16,0,3,1,0,0.3333,0.0,0.2333
Lecture 12,Slide27,Lecture 12\Slide27.json,1,5,4,0,3,1,0,0.3333,0.0,0.2333
Lecture 12,Slide28,Lecture 12\Slide28.json,1,5,4,0,3,1,0,0.3333,0.0,0.2333
Lecture 12,Slide33,Lecture 12\Slide33.json,1,5,19,0,3,1,0,0.3333,0.0,0.2333
Lecture 14,Slide16,Lecture 14\Slide16.json,1,5,14,0,3,1,0,0.3333,0.0,0.2333
Lecture 14,Slide57,Lecture 14\Slide57.json,1,5,11,0,3,1,0,0.3333,0.0,0.2333
Lecture 16,Slide43,Lecture 16\Slide43.json,1,5,25,0,3,1,0,0.3333,0.0,0.2333
Lecture 16,Slide49,Lecture 16\Slide49.json,1,5,4,0,3,1,0,0.3333,0.0,0.2333
Lecture 17,Slide52,Lecture 17\Slide52.json,1,5,4,0,3,1,0,0.3333,0.0,0.2333
Lecture 18,Slide38,Lecture 18\Slide38.json,1,5,4,0,3,1,0,0.3333,0.0,0.2333
Lecture 2,Slide46,Lecture 2\Slide46.json,1,5,14,0,3,1,0,0.3333,0.0,0.2333
Lecture 20,Slide10,Lecture 20\Slide10.json,1,5,4,0,3,1,0,0.3333,0.0,0.2333
Lecture 20,Slide40,Lecture 20\Slide40.json,1,5,4,0,3,1,0,0.3333,0.0,0.2333
Lecture 20,Slide41,Lecture 20\Slide41.json,1,5,4,0,3,1,0,0.3333,0.0,0.2333
Lecture 20,Slide45,Lecture 20\Slide45.json,1,5,13,0,3,1,0,0.3333,0.0,0.2333
Lecture 21,Slide6,Lecture 21\Slide6.json,1,5,16,0,3,1,0,0.3333,0.0,0.2333
Lecture 21,Slide7,Lecture 21\Slide7.json,1,5,4,0,3,1,0,0.3333,0.0,0.2333
Lecture 22,Slide17,Lecture 22\Slide17.json,1,5,12,0,3,1,0,0.3333,0.0,0.2333
Lecture 23,Slide23,Lecture 23\Slide23.json,1,5,4,0,3,1,0,0.3333,0.0,0.2333
Lecture 23,Slide35,Lecture 23\Slide35.json,1,5,15,0,3,1,0,0.3333,0.0,0.2333
Lecture 4,Slide13,Lecture 4\Slide13.json,1,5,11,0,3,1,0,0.3333,0.0,0.2333
Lecture 4,Slide16,Lecture 4\Slide16.json,1,5,8,0,3,1,0,0.3333,0.0,0.2333
Lecture 1,Slide10,Lecture 1\Slide10.json,1,5,4,1,7,2,0,0.2857,0.0909,0.2273
Lecture 6,Slide27,Lecture 6\Slide27.json,1,5,8,1,4,1,1,0.25,0.1667,0.225
Lecture 10,Slide25,Lecture 10\Slide25.json,1,5,3,2,1,0,1,0.0,0.75,0.225
Lecture 8,Slide28,Lecture 8\Slide28.json,1,5,4,3,0,0,0,0.0,0.75,0.225
Lecture 14,Slide56,Lecture 14\Slide56.json,1,5,4,3,3,0,2,0.0,0.7143,0.2143
Lecture 16,Slide52,Lecture 16\Slide52.json,1,5,4,0,4,1,1,0.25,0.125,0.2125
Lecture 18,Slide44,Lecture 18\Slide44.json,1,5,4,1,4,1,0,0.25,0.125,0.2125
Lecture 18,Slide51,Lecture 18\Slide51.json,1,5,4,1,4,1,0,0.25,0.125,0.2125
Lecture 20,Slide27,Lecture 20\Slide27.json,1,5,4,0,4,1,1,0.25,0.125,0.2125
Lecture 22,Slide16,Lecture 22\Slide16.json,1,5,4,1,4,1,0,0.25,0.125,0.2125
Lecture 9,Slide3,Lecture 9\Slide3.json,1,5,4,0,4,1,1,0.25,0.125,0.2125
Lecture 11,Slide49,Lecture 11\Slide49.json,1,5,4,0,5,1,2,0.2,0.2222,0.2067
Lecture 21,Slide15,Lecture 21\Slide15.json,1,5,4,1,5,1,1,0.2,0.2222,0.2067
Lecture 21,Slide43,Lecture 21\Slide43.json,1,5,4,1,5,1,1,0.2,0.2222,0.2067
Lecture 22,Slide22,Lecture 22\Slide22.json,1,5,4,1,5,1,1,0.2,0.2222,0.2067
Lecture 9,Slide14,Lecture 9\Slide14.json,1,5,18,1,4,1,1,0.25,0.0909,0.2023
Lecture 5,Slide26,Lecture 5\Slide26.json,1,5,3,3,3,0,1,0.0,0.6667,0.2
Lecture 20,Slide19,Lecture 20\Slide19.json,1,5,4,2,2,0,2,0.0,0.6667,0.2
Lecture 5,Slide46,Lecture 5\Slide46.json,1,5,3,2,0,0,0,0.0,0.6667,0.2
Lecture 5,Slide9,Lecture 5\Slide9.json,1,5,3,2,0,0,0,0.0,0.6667,0.2
Lecture 15,Slide26,Lecture 15\Slide26.json,1,5,21,1,4,1,1,0.25,0.08,0.199
Lecture 1,Slide11,Lecture 1\Slide11.json,1,5,9,1,4,1,0,0.25,0.0769,0.1981
Lecture 16,Slide53,Lecture 16\Slide53.json,1,5,9,1,4,1,0,0.25,0.0769,0.1981
Lecture 23,Slide28,Lecture 23\Slide28.json,1,5,9,1,4,1,0,0.25,0.0769,0.1981
Lecture 4,Slide33,Lecture 4\Slide33.json,1,5,10,0,4,1,1,0.25,0.0714,0.1964
Lecture 14,Slide25,Lecture 14\Slide25.json,1,5,11,0,4,1,1,0.25,0.0667,0.195
Lecture 16,Slide38,Lecture 16\Slide38.json,1,5,12,1,4,1,0,0.25,0.0625,0.1937
Lecture 22,Slide9,Lecture 22\Slide9.json,1,5,12,0,4,1,1,0.25,0.0625,0.1937
Lecture 17,Slide44,Lecture 17\Slide44.json,1,5,13,0,4,1,1,0.25,0.0588,0.1926
Lecture 11,Slide48,Lecture 11\Slide48.json,1,5,15,0,4,1,1,0.25,0.0526,0.1908
Lecture 4,Slide32,Lecture 4\Slide32.json,1,5,17,0,4,1,1,0.25,0.0476,0.1893
Lecture 10,Slide42,Lecture 10\Slide42.json,1,5,3,2,2,0,1,0.0,0.6,0.18
Lecture 10,Slide6,Lecture 10\Slide6.json,1,5,3,2,2,0,1,0.0,0.6,0.18
Lecture 14,Slide11,Lecture 14\Slide11.json,1,5,4,2,1,0,1,0.0,0.6,0.18
Lecture 21,Slide24,Lecture 21\Slide24.json,1,5,4,2,1,0,1,0.0,0.6,0.18
Lecture 8,Slide25,Lecture 8\Slide25.json,1,5,4,3,1,0,0,0.0,0.6,0.18
Lecture 21,Slide5,Lecture 21\Slide5.json,1,5,3,1,5,1,0,0.2,0.125,0.1775
Lecture 10,Slide23,Lecture 10\Slide23.json,1,5,6,0,4,1,0,0.25,0.0,0.175
Lecture 11,Slide35,Lecture 11\Slide35.json,1,5,4,0,4,1,0,0.25,0.0,0.175
Lecture 12,Slide13,Lecture 12\Slide13.json,1,5,13,0,4,1,0,0.25,0.0,0.175
Lecture 15,Slide28,Lecture 15\Slide28.json,1,5,21,0,4,1,0,0.25,0.0,0.175
Lecture 16,Slide44,Lecture 16\Slide44.json,1,5,11,0,4,1,0,0.25,0.0,0.175
Lecture 18,Slide30,Lecture 18\Slide30.json,1,5,4,0,4,1,0,0.25,0.0,0.175
Lecture 18,Slide47,Lecture 18\Slide47.json,1,5,12,0,4,1,0,0.25,0.0,0.175
Lecture 20,Slide26,Lecture 20\Slide26.json,1,5,4,0,4,1,0,0.25,0.0,0.175
Lecture 21,Slide38,Lecture 21\Slide38.json,1,5,4,0,4,1,0,0.25,0.0,0.175
Lecture 6,Slide41,Lecture 6\Slide41.json,1,5,17,0,4,1,0,0.25,0.0,0.175
Lecture 12,Slide40,Lecture 12\Slide40.json,1,5,4,0,5,1,1,0.2,0.1111,0.1733
Lecture 14,Slide54,Lecture 14\Slide54.json,1,5,4,0,5,1,1,0.2,0.1111,0.1733
Lecture 21,Slide25,Lecture 21\Slide25.json,1,5,4,2,3,0,2,0.0,0.5714,0.1714
Lecture 22,Slide19,Lecture 22\Slide19.json,1,5,9,0,5,1,1,0.2,0.0714,0.1614
Lecture 12,Slide25,Lecture 12\Slide25.json,1,5,10,1,5,1,0,0.2,0.0667,0.16
Lecture 9,Slide25,Lecture 9\Slide25.json,1,5,14,1,5,1,0,0.2,0.0526,0.1558
Lecture 11,Slide4,Lecture 11\Slide4.json,1,5,4,3,4,0,1,0.0,0.5,0.15
Lecture 17,Slide13,Lecture 17\Slide13.json,1,5,4,2,2,0,1,0.0,0.5,0.15
Lecture 7,Slide10,Lecture 7\Slide10.json,1,5,4,1,2,0,2,0.0,0.5,0.15
Lecture 8,Slide16,Lecture 8\Slide16.json,1,5,4,2,2,0,1,0.0,0.5,0.15
Lecture 10,Slide19,Lecture 10\Slide19.json,1,5,3,2,1,0,0,0.0,0.5,0.15
Lecture 10,Slide20,Lecture 10\Slide20.json,1,5,3,2,1,0,0,0.0,0.5,0.15
Lecture 10,Slide26,Lecture 10\Slide26.json,1,5,3,1,1,0,1,0.0,0.5,0.15
Lecture 10,Slide36,Lecture 10\Slide36.json,1,5,3,2,1,0,0,0.0,0.5,0.15
Lecture 13,Slide16,Lecture 13\Slide16.json,1,5,3,1,1,0,1,0.0,0.5,0.15
Lecture 21,Slide3,Lecture 21\Slide3.json,1,5,3,1,1,0,1,0.0,0.5,0.15
Lecture 5,Slide31,Lecture 5\Slide31.json,1,5,3,1,1,0,1,0.0,0.5,0.15
Lecture 5,Slide6,Lecture 5\Slide6.json,1,5,3,2,1,0,0,0.0,0.5,0.15
Lecture 6,Slide17,Lecture 6\Slide17.json,1,5,3,2,1,0,0,0.0,0.5,0.15
Lecture 2,Slide2,Lecture 2\Slide2.json,1,5,2,1,0,0,0,0.0,0.5,0.15
Lecture 4,Slide2,Lecture 4\Slide2.json,1,5,2,1,0,0,0,0.0,0.5,0.15
Lecture 22,Slide28,Lecture 22\Slide28.json,1,5,4,1,6,1,0,0.1667,0.1,0.1467
Lecture 11,Slide64,Lecture 11\Slide64.json,1,5,16,1,6,1,1,0.1667,0.0909,0.1439
Lecture 11,Slide27,Lecture 11\Slide27.json,1,5,15,0,5,1,0,0.2,0.0,0.14
Lecture 12,Slide43,Lecture 12\Slide43.json,1,5,4,0,5,1,0,0.2,0.0,0.14
Lecture 12,Slide47,Lecture 12\Slide47.json,1,5,12,0,5,1,0,0.2,0.0,0.14
Lecture 15,Slide4,Lecture 15\Slide4.json,1,5,18,0,5,1,0,0.2,0.0,0.14
Lecture 17,Slide27,Lecture 17\Slide27.json,1,5,4,0,5,1,0,0.2,0.0,0.14
Lecture 2,Slide28,Lecture 2\Slide28.json,1,5,9,0,5,1,0,0.2,0.0,0.14
Lecture 23,Slide15,Lecture 23\Slide15.json,1,5,9,0,5,1,0,0.2,0.0,0.14
Lecture 23,Slide25,Lecture 23\Slide25.json,1,5,4,0,5,1,0,0.2,0.0,0.14
Lecture 23,Slide43,Lecture 23\Slide43.json,1,5,19,0,5,1,0,0.2,0.0,0.14
Lecture 17,Slide5,Lecture 17\Slide5.json,1,5,4,1,3,0,2,0.0,0.4286,0.1286
Lecture 18,Slide42,Lecture 18\Slide42.json,1,5,4,1,3,0,2,0.0,0.4286,0.1286
Lecture 21,Slide20,Lecture 21\Slide20.json,1,5,4,2,3,0,1,0.0,0.4286,0.1286
Lecture 21,Slide23,Lecture 21\Slide23.json,1,5,4,1,3,0,2,0.0,0.4286,0.1286
Lecture 7,Slide14,Lecture 7\Slide14.json,1,5,4,2,3,0,1,0.0,0.4286,0.1286
Lecture 18,Slide3,Lecture 18\Slide3.json,1,5,6,3,4,0,1,0.0,0.4,0.12
Lecture 5,Slide16,Lecture 5\Slide16.json,1,5,3,1,2,0,1,0.0,0.4,0.12
Lecture 14,Slide35,Lecture 14\Slide35.json,1,5,4,2,1,0,0,0.0,0.4,0.12
Lecture 2,Slide11,Lecture 2\Slide11.json,1,5,4,1,1,0,1,0.0,0.4,0.12
Lecture 20,Slide33,Lecture 20\Slide33.json,1,5,4,1,1,0,1,0.0,0.4,0.12
Lecture 20,Slide49,Lecture 20\Slide49.json,1,5,4,2,1,0,0,0.0,0.4,0.12
Lecture 22,Slide3,Lecture 22\Slide3.json,1,5,4,1,1,0,1,0.0,0.4,0.12
Lecture 7,Slide28,Lecture 7\Slide28.json,1,5,4,1,1,0,1,0.0,0.4,0.12
Lecture 7,Slide29,Lecture 7\Slide29.json,1,5,4,2,1,0,0,0.0,0.4,0.12
Lecture 7,Slide30,Lecture 7\Slide30.json,1,5,4,1,1,0,1,0.0,0.4,0.12
Lecture 8,Slide18,Lecture 8\Slide18.json,1,5,4,2,1,0,0,0.0,0.4,0.12
Lecture 8,Slide30,Lecture 8\Slide30.json,1,5,4,2,1,0,0,0.0,0.4,0.12
Lecture 11,Slide36,Lecture 11\Slide36.json,1,5,4,0,6,1,0,0.1667,0.0,0.1167
Lecture 6,Slide14,Lecture 6\Slide14.json,1,5,3,0,6,1,0,0.1667,0.0,0.1167
Lecture 7,Slide4,Lecture 7\Slide4.json,1,5,4,2,4,0,1,0.0,0.375,0.1125
Lecture 16,Slide3,Lecture 16\Slide3.json,1,5,7,2,1,0,1,0.0,0.375,0.1125
Lecture 10,Slide43,Lecture 10\Slide43.json,1,5,3,2,3,0,0,0.0,0.3333,0.1
Lecture 13,Slide4,Lecture 13\Slide4.json,1,5,3,2,3,0,0,0.0,0.3333,0.1
Lecture 15,Slide25,Lecture 15\Slide25.json,1,5,9,2,3,0,2,0.0,0.3333,0.1
Lecture 1,Slide2,Lecture 1\Slide2.json,1,5,4,1,2,0,1,0.0,0.3333,0.1
Lecture 12,Slide38,Lecture 12\Slide38.json,1,5,4,1,2,0,1,0.0,0.3333,0.1
Lecture 16,Slide17,Lecture 16\Slide17.json,1,5,4,2,2,0,0,0.0,0.3333,0.1
Lecture 17,Slide11,Lecture 17\Slide11.json,1,5,4,1,2,0,1,0.0,0.3333,0.1
Lecture 17,Slide3,Lecture 17\Slide3.json,1,5,4,2,2,0,0,0.0,0.3333,0.1
Lecture 18,Slide24,Lecture 18\Slide24.json,1,5,4,1,2,0,1,0.0,0.3333,0.1
Lecture 18,Slide55,Lecture 18\Slide55.json,1,5,4,2,2,0,0,0.0,0.3333,0.1
Lecture 22,Slide24,Lecture 22\Slide24.json,1,5,4,1,2,0,1,0.0,0.3333,0.1
Lecture 22,Slide26,Lecture 22\Slide26.json,1,5,4,0,2,0,2,0.0,0.3333,0.1
Lecture 23,Slide6,Lecture 23\Slide6.json,1,5,4,0,2,0,2,0.0,0.3333,0.1
Lecture 10,Slide48,Lecture 10\Slide48.json,1,5,2,1,1,0,0,0.0,0.3333,0.1
Lecture 6,Slide31,Lecture 6\Slide31.json,1,5,8,2,1,0,1,0.0,0.3333,0.1
Lecture 10,Slide16,Lecture 10\Slide16.json,1,5,3,1,0,0,0,0.0,0.3333,0.1
Lecture 10,Slide18,Lecture 10\Slide18.json,1,5,3,1,0,0,0,0.0,0.3333,0.1
Lecture 10,Slide21,Lecture 10\Slide21.json,1,5,3,1,0,0,0,0.0,0.3333,0.1
Lecture 10,Slide32,Lecture 10\Slide32.json,1,5,3,1,0,0,0,0.0,0.3333,0.1
Lecture 10,Slide39,Lecture 10\Slide39.json,1,5,3,1,0,0,0,0.0,0.3333,0.1
Lecture 10,Slide7,Lecture 10\Slide7.json,1,5,3,1,0,0,0,0.0,0.3333,0.1
Lecture 13,Slide15,Lecture 13\Slide15.json,1,5,3,1,0,0,0,0.0,0.3333,0.1
Lecture 13,Slide21,Lecture 13\Slide21.json,1,5,3,1,0,0,0,0.0,0.3333,0.1
Lecture 13,Slide24,Lecture 13\Slide24.json,1,5,3,1,0,0,0,0.0,0.3333,0.1
Lecture 19,Slide1,Lecture 19\Slide1.json,1,5,3,1,0,0,0,0.0,0.3333,0.1
Lecture 19,Slide32,Lecture 19\Slide32.json,1,5,3,1,0,0,0,0.0,0.3333,0.1
Lecture 19,Slide33,Lecture 19\Slide33.json,1,5,3,1,0,0,0,0.0,0.3333,0.1
Lecture 19,Slide40,Lecture 19\Slide40.json,1,5,3,1,0,0,0,0.0,0.3333,0.1
Lecture 5,Slide12,Lecture 5\Slide12.json,1,5,3,1,0,0,0,0.0,0.3333,0.1
Lecture 5,Slide27,Lecture 5\Slide27.json,1,5,3,1,0,0,0,0.0,0.3333,0.1
Lecture 5,Slide35,Lecture 5\Slide35.json,1,5,3,1,0,0,0,0.0,0.3333,0.1
Lecture 5,Slide40,Lecture 5\Slide40.json,1,5,3,1,0,0,0,0.0,0.3333,0.1
Lecture 5,Slide41,Lecture 5\Slide41.json,1,5,3,1,0,0,0,0.0,0.3333,0.1
Lecture 5,Slide42,Lecture 5\Slide42.json,1,5,3,1,0,0,0,0.0,0.3333,0.1
Lecture 5,Slide8,Lecture 5\Slide8.json,1,5,3,1,0,0,0,0.0,0.3333,0.1
Lecture 6,Slide32,Lecture 6\Slide32.json,1,5,3,1,0,0,0,0.0,0.3333,0.1
Lecture 6,Slide33,Lecture 6\Slide33.json,1,5,3,1,0,0,0,0.0,0.3333,0.1
Lecture 12,Slide12,Lecture 12\Slide12.json,1,5,12,3,1,0,1,0.0,0.3077,0.0923
Lecture 11,Slide54,Lecture 11\Slide54.json,1,5,8,1,2,0,2,0.0,0.3,0.09
Lecture 8,Slide36,Lecture 8\Slide36.json,1,5,8,2,2,0,1,0.0,0.3,0.09
Lecture 6,Slide30,Lecture 6\Slide30.json,1,5,3,1,4,0,1,0.0,0.2857,0.0857
Lecture 20,Slide31,Lecture 20\Slide31.json,1,5,4,1,3,0,1,0.0,0.2857,0.0857
Lecture 21,Slide17,Lecture 21\Slide17.json,1,5,4,1,3,0,1,0.0,0.2857,0.0857
Lecture 7,Slide36,Lecture 7\Slide36.json,1,5,4,2,3,0,0,0.0,0.2857,0.0857
Lecture 7,Slide45,Lecture 7\Slide45.json,1,5,4,2,3,0,0,0.0,0.2857,0.0857
Lecture 1,Slide19,Lecture 1\Slide19.json,1,5,7,2,0,0,0,0.0,0.2857,0.0857
Lecture 18,Slide5,Lecture 18\Slide5.json,1,5,9,1,2,0,2,0.0,0.2727,0.0818
Lecture 21,Slide16,Lecture 21\Slide16.json,1,5,4,1,4,0,1,0.0,0.25,0.075
Lecture 12,Slide3,Lecture 12\Slide3.json,1,5,9,1,3,0,2,0.0,0.25,0.075
Lecture 2,Slide13,Lecture 2\Slide13.json,1,5,9,1,3,0,2,0.0,0.25,0.075
Lecture 23,Slide44,Lecture 23\Slide44.json,1,5,6,2,2,0,0,0.0,0.25,0.075
Lecture 10,Slide41,Lecture 10\Slide41.json,1,5,3,1,1,0,0,0.0,0.25,0.075
Lecture 10,Slide5,Lecture 10\Slide5.json,1,5,3,1,1,0,0,0.0,0.25,0.075
Lecture 13,Slide27,Lecture 13\Slide27.json,1,5,3,1,1,0,0,0.0,0.25,0.075
Lecture 13,Slide30,Lecture 13\Slide30.json,1,5,3,0,1,0,1,0.0,0.25,0.075
Lecture 13,Slide34,Lecture 13\Slide34.json,1,5,3,0,1,0,1,0.0,0.25,0.075
Lecture 2,Slide26,Lecture 2\Slide26.json,1,5,11,2,1,0,1,0.0,0.25,0.075
Lecture 22,Slide45,Lecture 22\Slide45.json,1,5,7,1,1,0,1,0.0,0.25,0.075
Lecture 5,Slide3,Lecture 5\Slide3.json,1,5,3,1,1,0,0,0.0,0.25,0.075
Lecture 5,Slide34,Lecture 5\Slide34.json,1,5,3,0,1,0,1,0.0,0.25,0.075
Lecture 5,Slide44,Lecture 5\Slide44.json,1,5,3,1,1,0,0,0.0,0.25,0.075
Lecture 5,Slide5,Lecture 5\Slide5.json,1,5,3,1,1,0,0,0.0,0.25,0.075
Lecture 8,Slide26,Lecture 8\Slide26.json,1,5,3,1,1,0,0,0.0,0.25,0.075
Lecture 16,Slide28,Lecture 16\Slide28.json,1,5,4,1,0,0,0,0.0,0.25,0.075
Lecture 17,Slide10,Lecture 17\Slide10.json,1,5,4,1,0,0,0,0.0,0.25,0.075
Lecture 2,Slide6,Lecture 2\Slide6.json,1,5,11,2,2,0,1,0.0,0.2308,0.0692
Lecture 9,Slide20,Lecture 9\Slide20.json,1,5,11,3,2,0,0,0.0,0.2308,0.0692
Lecture 4,Slide6,Lecture 4\Slide6.json,1,5,6,2,3,0,0,0.0,0.2222,0.0667
Lecture 11,Slide55,Lecture 11\Slide55.json,1,5,7,2,2,0,0,0.0,0.2222,0.0667
Lecture 18,Slide46,Lecture 18\Slide46.json,1,5,11,1,3,0,2,0.0,0.2143,0.0643
Lecture 6,Slide8,Lecture 6\Slide8.json,1,5,11,2,3,0,1,0.0,0.2143,0.0643
Lecture 1,Slide33,Lecture 1\Slide33.json,1,5,12,3,2,0,0,0.0,0.2143,0.0643
Lecture 8,Slide15,Lecture 8\Slide15.json,1,5,12,1,2,0,2,0.0,0.2143,0.0643
Lecture 21,Slide32,Lecture 21\Slide32.json,1,5,4,1,6,0,1,0.0,0.2,0.06
Lecture 6,Slide15,Lecture 6\Slide15.json,1,5,7,1,3,0,1,0.0,0.2,0.06
Lecture 7,Slide17,Lecture 7\Slide17.json,1,5,7,2,3,0,0,0.0,0.2,0.06
Lecture 10,Slide11,Lecture 10\Slide11.json,1,5,3,0,2,0,1,0.0,0.2,0.06
Lecture 10,Slide24,Lecture 10\Slide24.json,1,5,3,1,2,0,0,0.0,0.2,0.06
Lecture 5,Slide32,Lecture 5\Slide32.json,1,5,3,1,2,0,0,0.0,0.2,0.06
Lecture 6,Slide39,Lecture 6\Slide39.json,1,5,3,1,2,0,0,0.0,0.2,0.06
Lecture 10,Slide29,Lecture 10\Slide29.json,1,5,4,0,1,0,1,0.0,0.2,0.06
Lecture 15,Slide15,Lecture 15\Slide15.json,1,5,4,1,1,0,0,0.0,0.2,0.06
Lecture 16,Slide14,Lecture 16\Slide14.json,1,5,4,1,1,0,0,0.0,0.2,0.06
Lecture 22,Slide44,Lecture 22\Slide44.json,1,5,4,1,1,0,0,0.0,0.2,0.06
Lecture 23,Slide3,Lecture 23\Slide3.json,1,5,4,1,1,0,0,0.0,0.2,0.06
Lecture 23,Slide40,Lecture 23\Slide40.json,1,5,4,1,1,0,0,0.0,0.2,0.06
Lecture 23,Slide42,Lecture 23\Slide42.json,1,5,4,1,1,0,0,0.0,0.2,0.06
Lecture 4,Slide22,Lecture 4\Slide22.json,1,5,4,0,1,0,1,0.0,0.2,0.06
Lecture 21,Slide2,Lecture 21\Slide2.json,1,5,5,1,0,0,0,0.0,0.2,0.06
Lecture 16,Slide48,Lecture 16\Slide48.json,1,5,4,1,7,0,1,0.0,0.1818,0.0545
Lecture 8,Slide32,Lecture 8\Slide32.json,1,5,9,0,2,0,2,0.0,0.1818,0.0545
Lecture 1,Slide25,Lecture 1\Slide25.json,1,5,10,1,1,0,1,0.0,0.1818,0.0545
Lecture 22,Slide8,Lecture 22\Slide8.json,1,5,10,1,1,0,1,0.0,0.1818,0.0545
Lecture 22,Slide30,Lecture 22\Slide30.json,1,5,16,2,1,0,1,0.0,0.1765,0.0529
Lecture 4,Slide18,Lecture 4\Slide18.json,1,5,8,1,4,0,1,0.0,0.1667,0.05
Lecture 6,Slide7,Lecture 6\Slide7.json,1,5,3,1,3,0,0,0.0,0.1667,0.05
Lecture 9,Slide16,Lecture 9\Slide16.json,1,5,9,1,3,0,1,0.0,0.1667,0.05
Lecture 14,Slide26,Lecture 14\Slide26.json,1,5,4,0,2,0,1,0.0,0.1667,0.05
Lecture 16,Slide21,Lecture 16\Slide21.json,1,5,4,0,2,0,1,0.0,0.1667,0.05
Lecture 16,Slide26,Lecture 16\Slide26.json,1,5,10,1,2,0,1,0.0,0.1667,0.05
Lecture 17,Slide20,Lecture 17\Slide20.json,1,5,4,1,2,0,0,0.0,0.1667,0.05
Lecture 18,Slide49,Lecture 18\Slide49.json,1,5,4,0,2,0,1,0.0,0.1667,0.05
Lecture 2,Slide31,Lecture 2\Slide31.json,1,5,4,0,2,0,1,0.0,0.1667,0.05
Lecture 20,Slide16,Lecture 20\Slide16.json,1,5,4,0,2,0,1,0.0,0.1667,0.05
Lecture 21,Slide19,Lecture 21\Slide19.json,1,5,4,1,2,0,0,0.0,0.1667,0.05
Lecture 22,Slide36,Lecture 22\Slide36.json,1,5,4,0,2,0,1,0.0,0.1667,0.05
Lecture 4,Slide37,Lecture 4\Slide37.json,1,5,4,1,2,0,0,0.0,0.1667,0.05
Lecture 7,Slide46,Lecture 7\Slide46.json,1,5,4,1,2,0,0,0.0,0.1667,0.05
Lecture 9,Slide22,Lecture 9\Slide22.json,1,5,10,2,2,0,0,0.0,0.1667,0.05
Lecture 11,Slide2,Lecture 11\Slide2.json,1,5,6,1,0,0,0,0.0,0.1667,0.05
Lecture 14,Slide47,Lecture 14\Slide47.json,1,5,11,1,2,0,1,0.0,0.1538,0.0462
Lecture 16,Slide35,Lecture 16\Slide35.json,1,5,11,1,2,0,1,0.0,0.1538,0.0462
Lecture 20,Slide34,Lecture 20\Slide34.json,1,5,12,1,1,0,1,0.0,0.1538,0.0462
Lecture 4,Slide11,Lecture 4\Slide11.json,1,5,12,1,1,0,1,0.0,0.1538,0.0462
Lecture 6,Slide5,Lecture 6\Slide5.json,1,5,3,0,4,0,1,0.0,0.1429,0.0429
Lecture 18,Slide41,Lecture 18\Slide41.json,1,5,4,0,3,0,1,0.0,0.1429,0.0429
Lecture 18,Slide48,Lecture 18\Slide48.json,1,5,4,1,3,0,0,0.0,0.1429,0.0429
Lecture 18,Slide54,Lecture 18\Slide54.json,1,5,4,1,3,0,0,0.0,0.1429,0.0429
Lecture 20,Slide23,Lecture 20\Slide23.json,1,5,4,1,3,0,0,0.0,0.1429,0.0429
Lecture 1,Slide31,Lecture 1\Slide31.json,1,5,5,1,2,0,0,0.0,0.1429,0.0429
Lecture 6,Slide23,Lecture 6\Slide23.json,1,5,5,1,2,0,0,0.0,0.1429,0.0429
Lecture 22,Slide39,Lecture 22\Slide39.json,1,5,6,0,1,0,1,0.0,0.1429,0.0429
Lecture 13,Slide41,Lecture 13\Slide41.json,1,5,7,1,0,0,0,0.0,0.1429,0.0429
Lecture 21,Slide13,Lecture 21\Slide13.json,1,5,7,1,0,0,0,0.0,0.1429,0.0429
Lecture 2,Slide23,Lecture 2\Slide23.json,1,5,19,1,3,0,2,0.0,0.1364,0.0409
Lecture 2,Slide42,Lecture 2\Slide42.json,1,5,12,1,3,0,1,0.0,0.1333,0.04
Lecture 8,Slide37,Lecture 8\Slide37.json,1,5,13,2,2,0,0,0.0,0.1333,0.04
Lecture 21,Slide26,Lecture 21\Slide26.json,1,5,15,2,0,0,0,0.0,0.1333,0.04
Lecture 11,Slide5,Lecture 11\Slide5.json,1,5,4,1,4,0,0,0.0,0.125,0.0375
Lecture 14,Slide46,Lecture 14\Slide46.json,1,5,4,0,4,0,1,0.0,0.125,0.0375
Lecture 16,Slide13,Lecture 16\Slide13.json,1,5,14,1,2,0,1,0.0,0.125,0.0375
Lecture 8,Slide11,Lecture 8\Slide11.json,1,5,14,1,2,0,1,0.0,0.125,0.0375
Lecture 1,Slide1,Lecture 1\Slide1.json,1,5,7,1,1,0,0,0.0,0.125,0.0375
Lecture 23,Slide4,Lecture 23\Slide4.json,1,5,7,1,1,0,0,0.0,0.125,0.0375
Lecture 14,Slide45,Lecture 14\Slide45.json,1,5,8,1,0,0,0,0.0,0.125,0.0375
Lecture 8,Slide22,Lecture 8\Slide22.json,1,5,15,1,2,0,1,0.0,0.1176,0.0353
Lecture 23,Slide27,Lecture 23\Slide27.json,1,5,13,1,5,0,1,0.0,0.1111,0.0333
Lecture 4,Slide24,Lecture 4\Slide24.json,1,5,14,1,4,0,1,0.0,0.1111,0.0333
Lecture 8,Slide38,Lecture 8\Slide38.json,1,5,15,2,3,0,0,0.0,0.1111,0.0333
Lecture 2,Slide45,Lecture 2\Slide45.json,1,5,7,0,2,0,1,0.0,0.1111,0.0333
Lecture 10,Slide50,Lecture 10\Slide50.json,1,5,17,1,1,0,1,0.0,0.1111,0.0333
Lecture 11,Slide1,Lecture 11\Slide1.json,1,5,8,1,1,0,0,0.0,0.1111,0.0333
Lecture 11,Slide12,Lecture 11\Slide12.json,1,5,8,0,1,0,1,0.0,0.1111,0.0333
Lecture 17,Slide55,Lecture 17\Slide55.json,1,5,8,0,1,0,1,0.0,0.1111,0.0333
Lecture 17,Slide8,Lecture 17\Slide8.json,1,5,8,1,1,0,0,0.0,0.1111,0.0333
Lecture 5,Slide45,Lecture 5\Slide45.json,1,5,8,1,1,0,0,0.0,0.1111,0.0333
Lecture 6,Slide28,Lecture 6\Slide28.json,1,5,8,0,1,0,1,0.0,0.1111,0.0333
Lecture 7,Slide39,Lecture 7\Slide39.json,1,5,17,1,1,0,1,0.0,0.1111,0.0333
Lecture 13,Slide13,Lecture 13\Slide13.json,1,5,9,1,0,0,0,0.0,0.1111,0.0333
Lecture 3,Slide39,Lecture 3\Slide39.json,1,5,9,1,0,0,0,0.0,0.1111,0.0333
Lecture 4,Slide44,Lecture 4\Slide44.json,1,5,9,1,0,0,0,0.0,0.1111,0.0333
Lecture 6,Slide26,Lecture 6\Slide26.json,1,5,9,1,0,0,0,0.0,0.1111,0.0333
Lecture 2,Slide14,Lecture 2\Slide14.json,1,5,16,0,3,0,2,0.0,0.1053,0.0316
Lecture 15,Slide13,Lecture 15\Slide13.json,1,5,4,1,6,0,0,0.0,0.1,0.03
Lecture 16,Slide22,Lecture 16\Slide22.json,1,5,4,1,6,0,0,0.0,0.1,0.03
Lecture 16,Slide50,Lecture 16\Slide50.json,1,5,16,1,4,0,1,0.0,0.1,0.03
Lecture 2,Slide4,Lecture 2\Slide4.json,1,5,7,0,3,0,1,0.0,0.1,0.03
Lecture 11,Slide56,Lecture 11\Slide56.json,1,5,8,0,2,0,1,0.0,0.1,0.03
Lecture 4,Slide10,Lecture 4\Slide10.json,1,5,8,1,2,0,0,0.0,0.1,0.03
Lecture 19,Slide28,Lecture 19\Slide28.json,1,5,9,0,1,0,1,0.0,0.1,0.03
Lecture 6,Slide1,Lecture 6\Slide1.json,1,5,9,1,1,0,0,0.0,0.1,0.03
Lecture 7,Slide44,Lecture 7\Slide44.json,1,5,19,1,1,0,1,0.0,0.1,0.03
Lecture 7,Slide9,Lecture 7\Slide9.json,1,5,19,1,1,0,1,0.0,0.1,0.03
Lecture 8,Slide42,Lecture 8\Slide42.json,1,5,9,1,1,0,0,0.0,0.1,0.03
Lecture 7,Slide6,Lecture 7\Slide6.json,1,5,10,1,0,0,0,0.0,0.1,0.03
Lecture 8,Slide24,Lecture 8\Slide24.json,1,5,18,1,3,0,1,0.0,0.0952,0.0286
Lecture 4,Slide42,Lecture 4\Slide42.json,1,5,19,1,3,0,1,0.0,0.0909,0.0273
Lecture 7,Slide11,Lecture 7\Slide11.json,1,5,8,1,3,0,0,0.0,0.0909,0.0273
Lecture 17,Slide46,Lecture 17\Slide46.json,1,5,9,1,2,0,0,0.0,0.0909,0.0273
Lecture 13,Slide22,Lecture 13\Slide22.json,1,5,10,0,1,0,1,0.0,0.0909,0.0273
Lecture 14,Slide20,Lecture 14\Slide20.json,1,5,10,1,1,0,0,0.0,0.0909,0.0273
Lecture 16,Slide15,Lecture 16\Slide15.json,1,5,10,1,1,0,0,0.0,0.0909,0.0273
Lecture 16,Slide29,Lecture 16\Slide29.json,1,5,10,1,1,0,0,0.0,0.0909,0.0273
Lecture 18,Slide13,Lecture 18\Slide13.json,1,5,10,0,1,0,1,0.0,0.0909,0.0273
Lecture 19,Slide17,Lecture 19\Slide17.json,1,5,10,1,1,0,0,0.0,0.0909,0.0273
Lecture 7,Slide38,Lecture 7\Slide38.json,1,5,10,1,1,0,0,0.0,0.0909,0.0273
Lecture 22,Slide31,Lecture 22\Slide31.json,1,5,11,1,0,0,0,0.0,0.0909,0.0273
Lecture 12,Slide39,Lecture 12\Slide39.json,1,5,9,0,3,0,1,0.0,0.0833,0.025
Lecture 2,Slide18,Lecture 2\Slide18.json,1,5,9,1,3,0,0,0.0,0.0833,0.025
Lecture 6,Slide18,Lecture 6\Slide18.json,1,5,9,1,3,0,0,0.0,0.0833,0.025
Lecture 22,Slide37,Lecture 22\Slide37.json,1,5,10,1,2,0,0,0.0,0.0833,0.025
Lecture 12,Slide26,Lecture 12\Slide26.json,1,5,11,1,1,0,0,0.0,0.0833,0.025
Lecture 14,Slide14,Lecture 14\Slide14.json,1,5,11,1,1,0,0,0.0,0.0833,0.025
Lecture 15,Slide20,Lecture 15\Slide20.json,1,5,11,1,1,0,0,0.0,0.0833,0.025
Lecture 16,Slide2,Lecture 16\Slide2.json,1,5,11,1,1,0,0,0.0,0.0833,0.025
Lecture 17,Slide15,Lecture 17\Slide15.json,1,5,11,0,1,0,1,0.0,0.0833,0.025
Lecture 17,Slide31,Lecture 17\Slide31.json,1,5,11,1,1,0,0,0.0,0.0833,0.025
Lecture 18,Slide39,Lecture 18\Slide39.json,1,5,11,1,1,0,0,0.0,0.0833,0.025
Lecture 2,Slide20,Lecture 2\Slide20.json,1,5,11,0,1,0,1,0.0,0.0833,0.025
Lecture 2,Slide30,Lecture 2\Slide30.json,1,5,11,1,1,0,0,0.0,0.0833,0.025
Lecture 4,Slide12,Lecture 4\Slide12.json,1,5,11,1,1,0,0,0.0,0.0833,0.025
Lecture 6,Slide6,Lecture 6\Slide6.json,1,5,11,0,1,0,1,0.0,0.0833,0.025
Lecture 7,Slide34,Lecture 7\Slide34.json,1,5,11,0,1,0,1,0.0,0.0833,0.025
Lecture 7,Slide8,Lecture 7\Slide8.json,1,5,11,1,1,0,0,0.0,0.0833,0.025
Lecture 10,Slide45,Lecture 10\Slide45.json,1,5,12,1,0,0,0,0.0,0.0833,0.025
Lecture 2,Slide25,Lecture 2\Slide25.json,1,5,21,0,4,0,2,0.0,0.08,0.024
Lecture 21,Slide18,Lecture 21\Slide18.json,1,5,9,1,4,0,0,0.0,0.0769,0.0231
Lecture 11,Slide16,Lecture 11\Slide16.json,1,5,10,0,3,0,1,0.0,0.0769,0.0231
Lecture 12,Slide24,Lecture 12\Slide24.json,1,5,11,0,2,0,1,0.0,0.0769,0.0231
Lecture 18,Slide27,Lecture 18\Slide27.json,1,5,11,1,2,0,0,0.0,0.0769,0.0231
Lecture 22,Slide14,Lecture 22\Slide14.json,1,5,11,0,2,0,1,0.0,0.0769,0.0231
Lecture 6,Slide9,Lecture 6\Slide9.json,1,5,11,0,2,0,1,0.0,0.0769,0.0231
Lecture 1,Slide3,Lecture 1\Slide3.json,1,5,12,0,1,0,1,0.0,0.0769,0.0231
Lecture 14,Slide3,Lecture 14\Slide3.json,1,5,12,0,1,0,1,0.0,0.0769,0.0231
Lecture 15,Slide24,Lecture 15\Slide24.json,1,5,12,0,1,0,1,0.0,0.0769,0.0231
Lecture 21,Slide14,Lecture 21\Slide14.json,1,5,12,1,1,0,0,0.0,0.0769,0.0231
Lecture 21,Slide35,Lecture 21\Slide35.json,1,5,12,0,1,0,1,0.0,0.0769,0.0231
Lecture 6,Slide29,Lecture 6\Slide29.json,1,5,12,1,1,0,0,0.0,0.0769,0.0231
Lecture 7,Slide15,Lecture 7\Slide15.json,1,5,12,1,1,0,0,0.0,0.0769,0.0231
Lecture 7,Slide22,Lecture 7\Slide22.json,1,5,12,1,1,0,0,0.0,0.0769,0.0231
Lecture 7,Slide23,Lecture 7\Slide23.json,1,5,12,0,1,0,1,0.0,0.0769,0.0231
Lecture 8,Slide33,Lecture 8\Slide33.json,1,5,12,0,1,0,1,0.0,0.0769,0.0231
Lecture 7,Slide20,Lecture 7\Slide20.json,1,5,13,1,0,0,0,0.0,0.0769,0.0231
Lecture 11,Slide8,Lecture 11\Slide8.json,1,5,11,0,3,0,1,0.0,0.0714,0.0214
Lecture 4,Slide14,Lecture 4\Slide14.json,1,5,11,1,3,0,0,0.0,0.0714,0.0214
Lecture 1,Slide48,Lecture 1\Slide48.json,1,5,12,1,2,0,0,0.0,0.0714,0.0214
Lecture 19,Slide30,Lecture 19\Slide30.json,1,5,12,0,2,0,1,0.0,0.0714,0.0214
Lecture 21,Slide12,Lecture 21\Slide12.json,1,5,12,1,2,0,0,0.0,0.0714,0.0214
Lecture 7,Slide3,Lecture 7\Slide3.json,1,5,12,0,2,0,1,0.0,0.0714,0.0214
Lecture 10,Slide34,Lecture 10\Slide34.json,1,5,13,1,1,0,0,0.0,0.0714,0.0214
Lecture 11,Slide21,Lecture 11\Slide21.json,1,5,13,0,1,0,1,0.0,0.0714,0.0214
Lecture 7,Slide13,Lecture 7\Slide13.json,1,5,13,0,1,0,1,0.0,0.0714,0.0214
Lecture 9,Slide21,Lecture 9\Slide21.json,1,5,13,0,1,0,1,0.0,0.0714,0.0214
Lecture 9,Slide19,Lecture 9\Slide19.json,1,5,11,1,4,0,0,0.0,0.0667,0.02
Lecture 6,Slide3,Lecture 6\Slide3.json,1,5,13,1,2,0,0,0.0,0.0667,0.02
Lecture 18,Slide9,Lecture 18\Slide9.json,1,5,14,0,1,0,1,0.0,0.0667,0.02
Lecture 2,Slide37,Lecture 2\Slide37.json,1,5,14,1,1,0,0,0.0,0.0667,0.02
Lecture 17,Slide4,Lecture 17\Slide4.json,1,5,12,1,4,0,0,0.0,0.0625,0.0187
Lecture 14,Slide6,Lecture 14\Slide6.json,1,5,13,0,3,0,1,0.0,0.0625,0.0187
Lecture 6,Slide10,Lecture 6\Slide10.json,1,5,13,0,3,0,1,0.0,0.0625,0.0187
Lecture 1,Slide13,Lecture 1\Slide13.json,1,5,14,0,2,0,1,0.0,0.0625,0.0187
Lecture 14,Slide30,Lecture 14\Slide30.json,1,5,14,0,2,0,1,0.0,0.0625,0.0187
Lecture 15,Slide29,Lecture 15\Slide29.json,1,5,14,1,2,0,0,0.0,0.0625,0.0187
Lecture 18,Slide33,Lecture 18\Slide33.json,1,5,14,0,2,0,1,0.0,0.0625,0.0187
Lecture 2,Slide34,Lecture 2\Slide34.json,1,5,14,1,2,0,0,0.0,0.0625,0.0187
Lecture 2,Slide40,Lecture 2\Slide40.json,1,5,14,1,2,0,0,0.0,0.0625,0.0187
Lecture 4,Slide23,Lecture 4\Slide23.json,1,5,14,0,2,0,1,0.0,0.0625,0.0187
Lecture 16,Slide55,Lecture 16\Slide55.json,1,5,15,1,1,0,0,0.0,0.0625,0.0187
Lecture 8,Slide35,Lecture 8\Slide35.json,1,5,16,1,0,0,0,0.0,0.0625,0.0187
Lecture 12,Slide20,Lecture 12\Slide20.json,1,5,12,1,5,0,0,0.0,0.0588,0.0176
Lecture 12,Slide21,Lecture 12\Slide21.json,1,5,14,0,3,0,1,0.0,0.0588,0.0176
Lecture 2,Slide39,Lecture 2\Slide39.json,1,5,15,1,2,0,0,0.0,0.0588,0.0176
Lecture 7,Slide42,Lecture 7\Slide42.json,1,5,15,1,2,0,0,0.0,0.0588,0.0176
Lecture 2,Slide38,Lecture 2\Slide38.json,1,5,16,0,1,0,1,0.0,0.0588,0.0176
Lecture 3,Slide23,Lecture 3\Slide23.json,1,5,17,1,0,0,0,0.0,0.0588,0.0176
Lecture 11,Slide10,Lecture 11\Slide10.json,1,5,13,1,5,0,0,0.0,0.0556,0.0167
Lecture 2,Slide41,Lecture 2\Slide41.json,1,5,15,1,3,0,0,0.0,0.0556,0.0167
Lecture 11,Slide17,Lecture 11\Slide17.json,1,5,16,0,2,0,1,0.0,0.0556,0.0167
Lecture 11,Slide45,Lecture 11\Slide45.json,1,5,16,0,2,0,1,0.0,0.0556,0.0167
Lecture 6,Slide22,Lecture 6\Slide22.json,1,5,17,0,1,0,1,0.0,0.0556,0.0167
Lecture 15,Slide8,Lecture 15\Slide8.json,1,5,18,1,0,0,0,0.0,0.0556,0.0167
Lecture 11,Slide57,Lecture 11\Slide57.json,1,5,17,0,2,0,1,0.0,0.0526,0.0158
Lecture 2,Slide27,Lecture 2\Slide27.json,1,5,17,1,2,0,0,0.0,0.0526,0.0158
Lecture 18,Slide34,Lecture 18\Slide34.json,1,5,18,1,1,0,0,0.0,0.0526,0.0158
Lecture 2,Slide16,Lecture 2\Slide16.json,1,5,18,0,1,0,1,0.0,0.0526,0.0158
Lecture 11,Slide43,Lecture 11\Slide43.json,1,5,19,1,0,0,0,0.0,0.0526,0.0158
Lecture 12,Slide48,Lecture 12\Slide48.json,1,5,18,0,2,0,1,0.0,0.05,0.015
Lecture 14,Slide48,Lecture 14\Slide48.json,1,5,19,0,1,0,1,0.0,0.05,0.015
Lecture 2,Slide49,Lecture 2\Slide49.json,1,5,19,1,1,0,0,0.0,0.05,0.015
Lecture 8,Slide20,Lecture 8\Slide20.json,1,5,19,0,1,0,1,0.0,0.05,0.015
Lecture 2,Slide44,Lecture 2\Slide44.json,1,5,16,0,5,0,1,0.0,0.0476,0.0143
Lecture 4,Slide5,Lecture 4\Slide5.json,1,5,19,1,2,0,0,0.0,0.0476,0.0143
Lecture 7,Slide1,Lecture 7\Slide1.json,1,5,20,0,1,0,1,0.0,0.0476,0.0143
Lecture 7,Slide7,Lecture 7\Slide7.json,1,5,20,1,1,0,0,0.0,0.0476,0.0143
Lecture 3,Slide25,Lecture 3\Slide25.json,1,5,21,1,0,0,0,0.0,0.0476,0.0143
Lecture 11,Slide20,Lecture 11\Slide20.json,1,5,21,0,1,0,1,0.0,0.0455,0.0136
Lecture 10,Slide46,Lecture 10\Slide46.json,1,5,23,1,1,0,0,0.0,0.0417,0.0125
Lecture 15,Slide2,Lecture 15\Slide2.json,1,5,21,1,4,0,0,0.0,0.04,0.012
Lecture 2,Slide10,Lecture 2\Slide10.json,1,5,22,0,3,0,1,0.0,0.04,0.012
Lecture 18,Slide15,Lecture 18\Slide15.json,1,5,23,1,2,0,0,0.0,0.04,0.012
Lecture 7,Slide35,Lecture 7\Slide35.json,1,5,24,1,1,0,0,0.0,0.04,0.012
Lecture 17,Slide19,Lecture 17\Slide19.json,1,5,29,0,3,0,1,0.0,0.0312,0.0094
Lecture 2,Slide32,Lecture 2\Slide32.json,1,5,8,0,6,0,0,0.0,0.0,0.0
Lecture 15,Slide3,Lecture 15\Slide3.json,1,5,21,0,5,0,0,0.0,0.0,0.0
Lecture 16,Slide27,Lecture 16\Slide27.json,1,5,12,0,5,0,0,0.0,0.0,0.0
Lecture 17,Slide12,Lecture 17\Slide12.json,1,5,4,0,5,0,0,0.0,0.0,0.0
Lecture 17,Slide40,Lecture 17\Slide40.json,1,5,16,0,5,0,0,0.0,0.0,0.0
Lecture 3,Slide37,Lecture 3\Slide37.json,1,5,17,0,5,0,0,0.0,0.0,0.0
Lecture 10,Slide27,Lecture 10\Slide27.json,1,5,3,0,4,0,0,0.0,0.0,0.0
Lecture 14,Slide24,Lecture 14\Slide24.json,1,5,9,0,4,0,0,0.0,0.0,0.0
Lecture 15,Slide21,Lecture 15\Slide21.json,1,5,25,0,4,0,0,0.0,0.0,0.0
Lecture 17,Slide2,Lecture 17\Slide2.json,1,5,23,0,4,0,0,0.0,0.0,0.0
Lecture 19,Slide16,Lecture 19\Slide16.json,1,5,19,0,4,0,0,0.0,0.0,0.0
Lecture 2,Slide1,Lecture 2\Slide1.json,1,5,7,0,4,0,0,0.0,0.0,0.0
Lecture 2,Slide29,Lecture 2\Slide29.json,1,5,10,0,4,0,0,0.0,0.0,0.0
Lecture 2,Slide36,Lecture 2\Slide36.json,1,5,8,0,4,0,0,0.0,0.0,0.0
Lecture 23,Slide49,Lecture 23\Slide49.json,1,5,10,0,4,0,0,0.0,0.0,0.0
Lecture 3,Slide10,Lecture 3\Slide10.json,1,5,4,0,4,0,0,0.0,0.0,0.0
Lecture 3,Slide12,Lecture 3\Slide12.json,1,5,15,0,4,0,0,0.0,0.0,0.0
Lecture 4,Slide7,Lecture 4\Slide7.json,1,5,19,0,4,0,0,0.0,0.0,0.0
Lecture 1,Slide22,Lecture 1\Slide22.json,1,5,9,0,3,0,0,0.0,0.0,0.0
Lecture 1,Slide26,Lecture 1\Slide26.json,1,5,5,0,3,0,0,0.0,0.0,0.0
Lecture 11,Slide23,Lecture 11\Slide23.json,1,5,4,0,3,0,0,0.0,0.0,0.0
Lecture 11,Slide61,Lecture 11\Slide61.json,1,5,11,0,3,0,0,0.0,0.0,0.0
Lecture 11,Slide9,Lecture 11\Slide9.json,1,5,12,0,3,0,0,0.0,0.0,0.0
Lecture 14,Slide21,Lecture 14\Slide21.json,1,5,20,0,3,0,0,0.0,0.0,0.0
Lecture 14,Slide4,Lecture 14\Slide4.json,1,5,16,0,3,0,0,0.0,0.0,0.0
Lecture 14,Slide49,Lecture 14\Slide49.json,1,5,4,0,3,0,0,0.0,0.0,0.0
Lecture 14,Slide51,Lecture 14\Slide51.json,1,5,11,0,3,0,0,0.0,0.0,0.0
Lecture 14,Slide53,Lecture 14\Slide53.json,1,5,16,0,3,0,0,0.0,0.0,0.0
Lecture 14,Slide55,Lecture 14\Slide55.json,1,5,18,0,3,0,0,0.0,0.0,0.0
Lecture 14,Slide7,Lecture 14\Slide7.json,1,5,18,0,3,0,0,0.0,0.0,0.0
Lecture 16,Slide20,Lecture 16\Slide20.json,1,5,11,0,3,0,0,0.0,0.0,0.0
Lecture 16,Slide31,Lecture 16\Slide31.json,1,5,4,0,3,0,0,0.0,0.0,0.0
Lecture 16,Slide42,Lecture 16\Slide42.json,1,5,12,0,3,0,0,0.0,0.0,0.0
Lecture 18,Slide17,Lecture 18\Slide17.json,1,5,12,0,3,0,0,0.0,0.0,0.0
Lecture 18,Slide21,Lecture 18\Slide21.json,1,5,15,0,3,0,0,0.0,0.0,0.0
Lecture 18,Slide29,Lecture 18\Slide29.json,1,5,12,0,3,0,0,0.0,0.0,0.0
Lecture 18,Slide36,Lecture 18\Slide36.json,1,5,4,0,3,0,0,0.0,0.0,0.0
Lecture 18,Slide40,Lecture 18\Slide40.json,1,5,11,0,3,0,0,0.0,0.0,0.0
Lecture 18,Slide45,Lecture 18\Slide45.json,1,5,14,0,3,0,0,0.0,0.0,0.0
Lecture 2,Slide15,Lecture 2\Slide15.json,1,5,22,0,3,0,0,0.0,0.0,0.0
Lecture 22,Slide27,Lecture 22\Slide27.json,1,5,23,0,3,0,0,0.0,0.0,0.0
Lecture 22,Slide29,Lecture 22\Slide29.json,1,5,9,0,3,0,0,0.0,0.0,0.0
Lecture 23,Slide50,Lecture 23\Slide50.json,1,5,17,0,3,0,0,0.0,0.0,0.0
Lecture 23,Slide8,Lecture 23\Slide8.json,1,5,4,0,3,0,0,0.0,0.0,0.0
Lecture 3,Slide27,Lecture 3\Slide27.json,1,5,15,0,3,0,0,0.0,0.0,0.0
Lecture 3,Slide3,Lecture 3\Slide3.json,1,5,16,0,3,0,0,0.0,0.0,0.0
Lecture 3,Slide6,Lecture 3\Slide6.json,1,5,14,0,3,0,0,0.0,0.0,0.0
Lecture 4,Slide21,Lecture 4\Slide21.json,1,5,4,0,3,0,0,0.0,0.0,0.0
Lecture 4,Slide41,Lecture 4\Slide41.json,1,5,23,0,3,0,0,0.0,0.0,0.0
Lecture 6,Slide25,Lecture 6\Slide25.json,1,5,3,0,3,0,0,0.0,0.0,0.0
Lecture 7,Slide33,Lecture 7\Slide33.json,1,5,4,0,3,0,0,0.0,0.0,0.0
Lecture 7,Slide43,Lecture 7\Slide43.json,1,5,20,0,3,0,0,0.0,0.0,0.0
Lecture 8,Slide19,Lecture 8\Slide19.json,1,5,10,0,3,0,0,0.0,0.0,0.0
Lecture 8,Slide27,Lecture 8\Slide27.json,1,5,4,0,3,0,0,0.0,0.0,0.0
Lecture 9,Slide15,Lecture 9\Slide15.json,1,5,17,0,3,0,0,0.0,0.0,0.0
Lecture 9,Slide23,Lecture 9\Slide23.json,1,5,19,0,3,0,0,0.0,0.0,0.0
Lecture 1,Slide16,Lecture 1\Slide16.json,1,5,7,0,2,0,0,0.0,0.0,0.0
Lecture 1,Slide23,Lecture 1\Slide23.json,1,5,13,0,2,0,0,0.0,0.0,0.0
Lecture 10,Slide1,Lecture 10\Slide1.json,1,5,11,0,2,0,0,0.0,0.0,0.0
Lecture 10,Slide3,Lecture 10\Slide3.json,1,5,9,0,2,0,0,0.0,0.0,0.0
Lecture 10,Slide37,Lecture 10\Slide37.json,1,5,9,0,2,0,0,0.0,0.0,0.0
Lecture 11,Slide19,Lecture 11\Slide19.json,1,5,14,0,2,0,0,0.0,0.0,0.0
Lecture 11,Slide30,Lecture 11\Slide30.json,1,5,6,0,2,0,0,0.0,0.0,0.0
Lecture 11,Slide39,Lecture 11\Slide39.json,1,5,4,0,2,0,0,0.0,0.0,0.0
Lecture 11,Slide52,Lecture 11\Slide52.json,1,5,11,0,2,0,0,0.0,0.0,0.0
Lecture 11,Slide6,Lecture 11\Slide6.json,1,5,15,0,2,0,0,0.0,0.0,0.0
Lecture 12,Slide4,Lecture 12\Slide4.json,1,5,9,0,2,0,0,0.0,0.0,0.0
Lecture 13,Slide35,Lecture 13\Slide35.json,1,5,7,0,2,0,0,0.0,0.0,0.0
Lecture 14,Slide17,Lecture 14\Slide17.json,1,5,27,0,2,0,0,0.0,0.0,0.0
Lecture 14,Slide18,Lecture 14\Slide18.json,1,5,10,0,2,0,0,0.0,0.0,0.0
Lecture 14,Slide2,Lecture 14\Slide2.json,1,5,15,0,2,0,0,0.0,0.0,0.0
Lecture 14,Slide22,Lecture 14\Slide22.json,1,5,15,0,2,0,0,0.0,0.0,0.0
Lecture 14,Slide33,Lecture 14\Slide33.json,1,5,4,0,2,0,0,0.0,0.0,0.0
Lecture 14,Slide5,Lecture 14\Slide5.json,1,5,10,0,2,0,0,0.0,0.0,0.0
Lecture 14,Slide59,Lecture 14\Slide59.json,1,5,10,0,2,0,0,0.0,0.0,0.0
Lecture 15,Slide17,Lecture 15\Slide17.json,1,5,24,0,2,0,0,0.0,0.0,0.0
Lecture 15,Slide30,Lecture 15\Slide30.json,1,5,23,0,2,0,0,0.0,0.0,0.0
Lecture 16,Slide12,Lecture 16\Slide12.json,1,5,13,0,2,0,0,0.0,0.0,0.0
Lecture 16,Slide24,Lecture 16\Slide24.json,1,5,11,0,2,0,0,0.0,0.0,0.0
Lecture 16,Slide34,Lecture 16\Slide34.json,1,5,4,0,2,0,0,0.0,0.0,0.0
Lecture 17,Slide17,Lecture 17\Slide17.json,1,5,22,0,2,0,0,0.0,0.0,0.0
Lecture 18,Slide18,Lecture 18\Slide18.json,1,5,22,0,2,0,0,0.0,0.0,0.0
Lecture 18,Slide31,Lecture 18\Slide31.json,1,5,19,0,2,0,0,0.0,0.0,0.0
Lecture 18,Slide7,Lecture 18\Slide7.json,1,5,4,0,2,0,0,0.0,0.0,0.0
Lecture 18,Slide8,Lecture 18\Slide8.json,1,5,20,0,2,0,0,0.0,0.0,0.0
Lecture 19,Slide19,Lecture 19\Slide19.json,1,5,3,0,2,0,0,0.0,0.0,0.0
Lecture 19,Slide26,Lecture 19\Slide26.json,1,5,3,0,2,0,0,0.0,0.0,0.0
Lecture 2,Slide19,Lecture 2\Slide19.json,1,5,9,0,2,0,0,0.0,0.0,0.0
Lecture 2,Slide3,Lecture 2\Slide3.json,1,5,19,0,2,0,0,0.0,0.0,0.0
Lecture 2,Slide43,Lecture 2\Slide43.json,1,5,18,0,2,0,0,0.0,0.0,0.0
Lecture 2,Slide7,Lecture 2\Slide7.json,1,5,10,0,2,0,0,0.0,0.0,0.0
Lecture 20,Slide35,Lecture 20\Slide35.json,1,5,11,0,2,0,0,0.0,0.0,0.0
Lecture 20,Slide55,Lecture 20\Slide55.json,1,5,28,0,2,0,0,0.0,0.0,0.0
Lecture 21,Slide1,Lecture 21\Slide1.json,1,5,9,0,2,0,0,0.0,0.0,0.0
Lecture 21,Slide31,Lecture 21\Slide31.json,1,5,4,0,2,0,0,0.0,0.0,0.0
Lecture 3,Slide14,Lecture 3\Slide14.json,1,5,11,0,2,0,0,0.0,0.0,0.0
Lecture 3,Slide19,Lecture 3\Slide19.json,1,5,17,0,2,0,0,0.0,0.0,0.0
Lecture 3,Slide22,Lecture 3\Slide22.json,1,5,20,0,2,0,0,0.0,0.0,0.0
Lecture 3,Slide28,Lecture 3\Slide28.json,1,5,20,0,2,0,0,0.0,0.0,0.0
Lecture 3,Slide29,Lecture 3\Slide29.json,1,5,22,0,2,0,0,0.0,0.0,0.0
Lecture 3,Slide35,Lecture 3\Slide35.json,1,5,18,0,2,0,0,0.0,0.0,0.0
Lecture 4,Slide19,Lecture 4\Slide19.json,1,5,17,0,2,0,0,0.0,0.0,0.0
Lecture 4,Slide4,Lecture 4\Slide4.json,1,5,10,0,2,0,0,0.0,0.0,0.0
Lecture 4,Slide40,Lecture 4\Slide40.json,1,5,9,0,2,0,0,0.0,0.0,0.0
Lecture 4,Slide48,Lecture 4\Slide48.json,1,5,26,0,2,0,0,0.0,0.0,0.0
Lecture 5,Slide18,Lecture 5\Slide18.json,1,5,3,0,2,0,0,0.0,0.0,0.0
Lecture 5,Slide2,Lecture 5\Slide2.json,1,5,8,0,2,0,0,0.0,0.0,0.0
Lecture 6,Slide24,Lecture 6\Slide24.json,1,5,10,0,2,0,0,0.0,0.0,0.0
Lecture 7,Slide16,Lecture 7\Slide16.json,1,5,17,0,2,0,0,0.0,0.0,0.0
Lecture 7,Slide24,Lecture 7\Slide24.json,1,5,18,0,2,0,0,0.0,0.0,0.0
Lecture 7,Slide26,Lecture 7\Slide26.json,1,5,13,0,2,0,0,0.0,0.0,0.0
Lecture 7,Slide27,Lecture 7\Slide27.json,1,5,4,0,2,0,0,0.0,0.0,0.0
Lecture 7,Slide37,Lecture 7\Slide37.json,1,5,4,0,2,0,0,0.0,0.0,0.0
Lecture 7,Slide47,Lecture 7\Slide47.json,1,5,4,0,2,0,0,0.0,0.0,0.0
Lecture 8,Slide31,Lecture 8\Slide31.json,1,5,19,0,2,0,0,0.0,0.0,0.0
Lecture 8,Slide43,Lecture 8\Slide43.json,1,5,9,0,2,0,0,0.0,0.0,0.0
Lecture 9,Slide1,Lecture 9\Slide1.json,1,5,24,0,2,0,0,0.0,0.0,0.0
Lecture 9,Slide29,Lecture 9\Slide29.json,1,5,24,0,2,0,0,0.0,0.0,0.0
Lecture 1,Slide14,Lecture 1\Slide14.json,1,5,4,0,1,0,0,0.0,0.0,0.0
Lecture 1,Slide17,Lecture 1\Slide17.json,1,5,8,0,1,0,0,0.0,0.0,0.0
Lecture 1,Slide21,Lecture 1\Slide21.json,1,5,20,0,1,0,0,0.0,0.0,0.0
Lecture 1,Slide24,Lecture 1\Slide24.json,1,5,15,0,1,0,0,0.0,0.0,0.0
Lecture 1,Slide27,Lecture 1\Slide27.json,1,5,6,0,1,0,0,0.0,0.0,0.0
Lecture 1,Slide32,Lecture 1\Slide32.json,1,5,8,0,1,0,0,0.0,0.0,0.0
Lecture 1,Slide35,Lecture 1\Slide35.json,1,5,21,0,1,0,0,0.0,0.0,0.0
Lecture 1,Slide45,Lecture 1\Slide45.json,1,5,19,0,1,0,0,0.0,0.0,0.0
Lecture 1,Slide46,Lecture 1\Slide46.json,1,5,10,0,1,0,0,0.0,0.0,0.0
Lecture 1,Slide49,Lecture 1\Slide49.json,1,5,9,0,1,0,0,0.0,0.0,0.0
Lecture 1,Slide9,Lecture 1\Slide9.json,1,5,29,0,1,0,0,0.0,0.0,0.0
Lecture 10,Slide15,Lecture 10\Slide15.json,1,5,11,0,1,0,0,0.0,0.0,0.0
Lecture 10,Slide17,Lecture 10\Slide17.json,1,5,9,0,1,0,0,0.0,0.0,0.0
Lecture 10,Slide30,Lecture 10\Slide30.json,1,5,7,0,1,0,0,0.0,0.0,0.0
Lecture 10,Slide35,Lecture 10\Slide35.json,1,5,5,0,1,0,0,0.0,0.0,0.0
Lecture 10,Slide4,Lecture 10\Slide4.json,1,5,8,0,1,0,0,0.0,0.0,0.0
Lecture 10,Slide44,Lecture 10\Slide44.json,1,5,3,0,1,0,0,0.0,0.0,0.0
Lecture 11,Slide13,Lecture 11\Slide13.json,1,5,17,0,1,0,0,0.0,0.0,0.0
Lecture 11,Slide3,Lecture 11\Slide3.json,1,5,19,0,1,0,0,0.0,0.0,0.0
Lecture 11,Slide34,Lecture 11\Slide34.json,1,5,7,0,1,0,0,0.0,0.0,0.0
Lecture 11,Slide38,Lecture 11\Slide38.json,1,5,23,0,1,0,0,0.0,0.0,0.0
Lecture 11,Slide50,Lecture 11\Slide50.json,1,5,10,0,1,0,0,0.0,0.0,0.0
Lecture 12,Slide1,Lecture 12\Slide1.json,1,5,17,0,1,0,0,0.0,0.0,0.0
Lecture 12,Slide10,Lecture 12\Slide10.json,1,5,22,0,1,0,0,0.0,0.0,0.0
Lecture 12,Slide44,Lecture 12\Slide44.json,1,5,18,0,1,0,0,0.0,0.0,0.0
Lecture 12,Slide49,Lecture 12\Slide49.json,1,5,11,0,1,0,0,0.0,0.0,0.0
Lecture 12,Slide5,Lecture 12\Slide5.json,1,5,14,0,1,0,0,0.0,0.0,0.0
Lecture 12,Slide50,Lecture 12\Slide50.json,1,5,6,0,1,0,0,0.0,0.0,0.0
Lecture 13,Slide1,Lecture 13\Slide1.json,1,5,21,0,1,0,0,0.0,0.0,0.0
Lecture 13,Slide14,Lecture 13\Slide14.json,1,5,9,0,1,0,0,0.0,0.0,0.0
Lecture 13,Slide17,Lecture 13\Slide17.json,1,5,9,0,1,0,0,0.0,0.0,0.0
Lecture 13,Slide2,Lecture 13\Slide2.json,1,5,19,0,1,0,0,0.0,0.0,0.0
Lecture 13,Slide3,Lecture 13\Slide3.json,1,5,12,0,1,0,0,0.0,0.0,0.0
Lecture 13,Slide32,Lecture 13\Slide32.json,1,5,16,0,1,0,0,0.0,0.0,0.0
Lecture 13,Slide50,Lecture 13\Slide50.json,1,5,8,0,1,0,0,0.0,0.0,0.0
Lecture 13,Slide8,Lecture 13\Slide8.json,1,5,15,0,1,0,0,0.0,0.0,0.0
Lecture 13,Slide9,Lecture 13\Slide9.json,1,5,3,0,1,0,0,0.0,0.0,0.0
Lecture 14,Slide1,Lecture 14\Slide1.json,1,5,15,0,1,0,0,0.0,0.0,0.0
Lecture 14,Slide10,Lecture 14\Slide10.json,1,5,16,0,1,0,0,0.0,0.0,0.0
Lecture 14,Slide13,Lecture 14\Slide13.json,1,5,10,0,1,0,0,0.0,0.0,0.0
Lecture 14,Slide19,Lecture 14\Slide19.json,1,5,23,0,1,0,0,0.0,0.0,0.0
Lecture 14,Slide29,Lecture 14\Slide29.json,1,5,19,0,1,0,0,0.0,0.0,0.0
Lecture 14,Slide39,Lecture 14\Slide39.json,1,5,4,0,1,0,0,0.0,0.0,0.0
Lecture 14,Slide50,Lecture 14\Slide50.json,1,5,12,0,1,0,0,0.0,0.0,0.0
Lecture 14,Slide58,Lecture 14\Slide58.json,1,5,8,0,1,0,0,0.0,0.0,0.0
Lecture 16,Slide1,Lecture 16\Slide1.json,1,5,18,0,1,0,0,0.0,0.0,0.0
Lecture 16,Slide23,Lecture 16\Slide23.json,1,5,18,0,1,0,0,0.0,0.0,0.0
Lecture 16,Slide33,Lecture 16\Slide33.json,1,5,12,0,1,0,0,0.0,0.0,0.0
Lecture 16,Slide40,Lecture 16\Slide40.json,0,4,3,,1,0,,0.0,,0.0
Lecture 17,Slide16,Lecture 17\Slide16.json,1,5,14,0,1,0,0,0.0,0.0,0.0
Lecture 17,Slide18,Lecture 17\Slide18.json,1,5,24,0,1,0,0,0.0,0.0,0.0
Lecture 17,Slide34,Lecture 17\Slide34.json,1,5,19,0,1,0,0,0.0,0.0,0.0
Lecture 17,Slide50,Lecture 17\Slide50.json,1,5,8,0,1,0,0,0.0,0.0,0.0
Lecture 17,Slide7,Lecture 17\Slide7.json,1,5,20,0,1,0,0,0.0,0.0,0.0
Lecture 17,Slide9,Lecture 17\Slide9.json,1,5,4,0,1,0,0,0.0,0.0,0.0
Lecture 18,Slide1,Lecture 18\Slide1.json,1,5,16,0,1,0,0,0.0,0.0,0.0
Lecture 18,Slide19,Lecture 18\Slide19.json,1,5,11,0,1,0,0,0.0,0.0,0.0
Lecture 18,Slide2,Lecture 18\Slide2.json,1,5,29,0,1,0,0,0.0,0.0,0.0
Lecture 18,Slide23,Lecture 18\Slide23.json,1,5,4,0,1,0,0,0.0,0.0,0.0
Lecture 18,Slide26,Lecture 18\Slide26.json,1,5,16,0,1,0,0,0.0,0.0,0.0
Lecture 19,Slide10,Lecture 19\Slide10.json,1,5,3,0,1,0,0,0.0,0.0,0.0
Lecture 19,Slide2,Lecture 19\Slide2.json,1,5,7,0,1,0,0,0.0,0.0,0.0
Lecture 19,Slide24,Lecture 19\Slide24.json,1,5,3,0,1,0,0,0.0,0.0,0.0
Lecture 19,Slide46,Lecture 19\Slide46.json,1,5,12,0,1,0,0,0.0,0.0,0.0
Lecture 19,Slide5,Lecture 19\Slide5.json,1,5,11,0,1,0,0,0.0,0.0,0.0
Lecture 19,Slide55,Lecture 19\Slide55.json,1,5,6,0,1,0,0,0.0,0.0,0.0
Lecture 2,Slide21,Lecture 2\Slide21.json,1,5,18,0,1,0,0,0.0,0.0,0.0
Lecture 2,Slide47,Lecture 2\Slide47.json,1,5,10,0,1,0,0,0.0,0.0,0.0
Lecture 2,Slide48,Lecture 2\Slide48.json,1,5,4,0,1,0,0,0.0,0.0,0.0
Lecture 2,Slide5,Lecture 2\Slide5.json,1,5,12,0,1,0,0,0.0,0.0,0.0
Lecture 2,Slide50,Lecture 2\Slide50.json,1,5,10,0,1,0,0,0.0,0.0,0.0
Lecture 2,Slide8,Lecture 2\Slide8.json,1,5,29,0,1,0,0,0.0,0.0,0.0
Lecture 20,Slide8,Lecture 20\Slide8.json,1,5,4,0,1,0,0,0.0,0.0,0.0
Lecture 21,Slide8,Lecture 21\Slide8.json,1,5,12,0,1,0,0,0.0,0.0,0.0
Lecture 22,Slide12,Lecture 22\Slide12.json,1,5,13,0,1,0,0,0.0,0.0,0.0
Lecture 22,Slide2,Lecture 22\Slide2.json,1,5,13,0,1,0,0,0.0,0.0,0.0
Lecture 23,Slide1,Lecture 23\Slide1.json,1,5,10,0,1,0,0,0.0,0.0,0.0
Lecture 23,Slide20,Lecture 23\Slide20.json,1,5,4,0,1,0,0,0.0,0.0,0.0
Lecture 23,Slide33,Lecture 23\Slide33.json,1,5,4,0,1,0,0,0.0,0.0,0.0
Lecture 23,Slide48,Lecture 23\Slide48.json,1,5,4,0,1,0,0,0.0,0.0,0.0
Lecture 3,Slide1,Lecture 3\Slide1.json,1,5,9,0,1,0,0,0.0,0.0,0.0
Lecture 3,Slide16,Lecture 3\Slide16.json,1,5,12,0,1,0,0,0.0,0.0,0.0
Lecture 3,Slide24,Lecture 3\Slide24.json,1,5,15,0,1,0,0,0.0,0.0,0.0
Lecture 3,Slide30,Lecture 3\Slide30.json,1,5,14,0,1,0,0,0.0,0.0,0.0
Lecture 3,Slide32,Lecture 3\Slide32.json,1,5,8,0,1,0,0,0.0,0.0,0.0
Lecture 3,Slide34,Lecture 3\Slide34.json,1,5,11,0,1,0,0,0.0,0.0,0.0
Lecture 3,Slide36,Lecture 3\Slide36.json,1,5,8,0,1,0,0,0.0,0.0,0.0
Lecture 3,Slide5,Lecture 3\Slide5.json,1,5,15,0,1,0,0,0.0,0.0,0.0
Lecture 3,Slide7,Lecture 3\Slide7.json,1,5,10,0,1,0,0,0.0,0.0,0.0
Lecture 3,Slide8,Lecture 3\Slide8.json,1,5,17,0,1,0,0,0.0,0.0,0.0
Lecture 4,Slide3,Lecture 4\Slide3.json,1,5,16,0,1,0,0,0.0,0.0,0.0
Lecture 4,Slide39,Lecture 4\Slide39.json,1,5,21,0,1,0,0,0.0,0.0,0.0
Lecture 5,Slide13,Lecture 5\Slide13.json,1,5,3,0,1,0,0,0.0,0.0,0.0
Lecture 5,Slide24,Lecture 5\Slide24.json,1,5,3,0,1,0,0,0.0,0.0,0.0
Lecture 5,Slide29,Lecture 5\Slide29.json,1,5,3,0,1,0,0,0.0,0.0,0.0
Lecture 5,Slide33,Lecture 5\Slide33.json,1,5,3,0,1,0,0,0.0,0.0,0.0
Lecture 6,Slide11,Lecture 6\Slide11.json,1,5,3,0,1,0,0,0.0,0.0,0.0
Lecture 6,Slide42,Lecture 6\Slide42.json,1,5,7,0,1,0,0,0.0,0.0,0.0
Lecture 7,Slide18,Lecture 7\Slide18.json,1,5,4,0,1,0,0,0.0,0.0,0.0
Lecture 7,Slide19,Lecture 7\Slide19.json,1,5,10,0,1,0,0,0.0,0.0,0.0
Lecture 7,Slide2,Lecture 7\Slide2.json,1,5,8,0,1,0,0,0.0,0.0,0.0
Lecture 7,Slide21,Lecture 7\Slide21.json,1,5,23,0,1,0,0,0.0,0.0,0.0
Lecture 7,Slide25,Lecture 7\Slide25.json,1,5,4,0,1,0,0,0.0,0.0,0.0
Lecture 7,Slide32,Lecture 7\Slide32.json,1,5,4,0,1,0,0,0.0,0.0,0.0
Lecture 7,Slide41,Lecture 7\Slide41.json,1,5,22,0,1,0,0,0.0,0.0,0.0
Lecture 7,Slide5,Lecture 7\Slide5.json,1,5,12,0,1,0,0,0.0,0.0,0.0
Lecture 8,Slide1,Lecture 8\Slide1.json,1,5,12,0,1,0,0,0.0,0.0,0.0
Lecture 8,Slide21,Lecture 8\Slide21.json,1,5,4,0,1,0,0,0.0,0.0,0.0
Lecture 8,Slide29,Lecture 8\Slide29.json,1,5,4,0,1,0,0,0.0,0.0,0.0
Lecture 8,Slide39,Lecture 8\Slide39.json,1,5,14,0,1,0,0,0.0,0.0,0.0
Lecture 8,Slide40,Lecture 8\Slide40.json,1,5,4,0,1,0,0,0.0,0.0,0.0
Lecture 8,Slide41,Lecture 8\Slide41.json,1,5,13,0,1,0,0,0.0,0.0,0.0
Lecture 9,Slide2,Lecture 9\Slide2.json,1,5,4,0,1,0,0,0.0,0.0,0.0
Lecture 1,Slide18,Lecture 1\Slide18.json,1,5,12,0,0,0,0,0.0,0.0,0.0
Lecture 1,Slide20,Lecture 1\Slide20.json,1,5,15,0,0,0,0,0.0,0.0,0.0
Lecture 1,Slide28,Lecture 1\Slide28.json,1,5,0,0,0,0,0,0.0,0.0,0.0
Lecture 1,Slide29,Lecture 1\Slide29.json,1,5,17,0,0,0,0,0.0,0.0,0.0
Lecture 1,Slide47,Lecture 1\Slide47.json,1,5,17,0,0,0,0,0.0,0.0,0.0
Lecture 10,Slide10,Lecture 10\Slide10.json,1,5,3,0,0,0,0,0.0,0.0,0.0
Lecture 10,Slide12,Lecture 10\Slide12.json,1,5,4,0,0,0,0,0.0,0.0,0.0
Lecture 10,Slide22,Lecture 10\Slide22.json,1,5,13,0,0,0,0,0.0,0.0,0.0
Lecture 10,Slide28,Lecture 10\Slide28.json,1,5,3,0,0,0,0,0.0,0.0,0.0
Lecture 10,Slide31,Lecture 10\Slide31.json,1,5,13,0,0,0,0,0.0,0.0,0.0
Lecture 10,Slide33,Lecture 10\Slide33.json,1,5,10,0,0,0,0,0.0,0.0,0.0
Lecture 10,Slide8,Lecture 10\Slide8.json,1,5,3,0,0,0,0,0.0,0.0,0.0
Lecture 10,Slide9,Lecture 10\Slide9.json,1,5,3,0,0,0,0,0.0,0.0,0.0
Lecture 11,Slide22,Lecture 11\Slide22.json,1,5,24,0,0,0,0,0.0,0.0,0.0
Lecture 11,Slide24,Lecture 11\Slide24.json,1,5,14,0,0,0,0,0.0,0.0,0.0
Lecture 12,Slide11,Lecture 12\Slide11.json,1,5,9,0,0,0,0,0.0,0.0,0.0
Lecture 12,Slide2,Lecture 12\Slide2.json,1,5,14,0,0,0,0,0.0,0.0,0.0
Lecture 12,Slide9,Lecture 12\Slide9.json,1,5,9,0,0,0,0,0.0,0.0,0.0
Lecture 13,Slide11,Lecture 13\Slide11.json,1,5,3,0,0,0,0,0.0,0.0,0.0
Lecture 13,Slide25,Lecture 13\Slide25.json,1,5,19,0,0,0,0,0.0,0.0,0.0
Lecture 13,Slide26,Lecture 13\Slide26.json,1,5,10,0,0,0,0,0.0,0.0,0.0
Lecture 13,Slide28,Lecture 13\Slide28.json,1,5,9,0,0,0,0,0.0,0.0,0.0
Lecture 13,Slide29,Lecture 13\Slide29.json,1,5,3,0,0,0,0,0.0,0.0,0.0
Lecture 13,Slide31,Lecture 13\Slide31.json,1,5,20,0,0,0,0,0.0,0.0,0.0
Lecture 13,Slide33,Lecture 13\Slide33.json,1,5,7,0,0,0,0,0.0,0.0,0.0
Lecture 13,Slide38,Lecture 13\Slide38.json,1,5,14,0,0,0,0,0.0,0.0,0.0
Lecture 13,Slide43,Lecture 13\Slide43.json,1,5,10,0,0,0,0,0.0,0.0,0.0
Lecture 13,Slide48,Lecture 13\Slide48.json,1,5,3,0,0,0,0,0.0,0.0,0.0
Lecture 13,Slide5,Lecture 13\Slide5.json,1,5,10,0,0,0,0,0.0,0.0,0.0
Lecture 14,Slide12,Lecture 14\Slide12.json,1,5,16,0,0,0,0,0.0,0.0,0.0
Lecture 16,Slide25,Lecture 16\Slide25.json,0,4,0,,0,0,,0.0,,0.0
Lecture 16,Slide5,Lecture 16\Slide5.json,1,5,10,0,0,0,0,0.0,0.0,0.0
Lecture 17,Slide28,Lecture 17\Slide28.json,1,5,13,0,0,0,0,0.0,0.0,0.0
Lecture 17,Slide49,Lecture 17\Slide49.json,1,5,22,0,0,0,0,0.0,0.0,0.0
Lecture 17,Slide51,Lecture 17\Slide51.json,1,5,3,0,0,0,0,0.0,0.0,0.0
Lecture 18,Slide16,Lecture 18\Slide16.json,1,5,25,0,0,0,0,0.0,0.0,0.0
Lecture 19,Slide25,Lecture 19\Slide25.json,1,5,3,0,0,0,0,0.0,0.0,0.0
Lecture 19,Slide34,Lecture 19\Slide34.json,1,5,15,0,0,0,0,0.0,0.0,0.0
Lecture 19,Slide35,Lecture 19\Slide35.json,1,5,3,0,0,0,0,0.0,0.0,0.0
Lecture 19,Slide4,Lecture 19\Slide4.json,1,5,3,0,0,0,0,0.0,0.0,0.0
Lecture 19,Slide44,Lecture 19\Slide44.json,1,5,7,0,0,0,0,0.0,0.0,0.0
Lecture 19,Slide54,Lecture 19\Slide54.json,1,5,13,0,0,0,0,0.0,0.0,0.0
Lecture 19,Slide8,Lecture 19\Slide8.json,1,5,3,0,0,0,0,0.0,0.0,0.0
Lecture 2,Slide9,Lecture 2\Slide9.json,1,5,17,0,0,0,0,0.0,0.0,0.0
Lecture 20,Slide1,Lecture 20\Slide1.json,1,5,19,0,0,0,0,0.0,0.0,0.0
Lecture 20,Slide2,Lecture 20\Slide2.json,1,5,12,0,0,0,0,0.0,0.0,0.0
Lecture 20,Slide50,Lecture 20\Slide50.json,0,4,0,,0,0,,0.0,,0.0
Lecture 20,Slide51,Lecture 20\Slide51.json,0,4,0,,0,0,,0.0,,0.0
Lecture 22,Slide10,Lecture 22\Slide10.json,1,5,13,0,0,0,0,0.0,0.0,0.0
Lecture 22,Slide4,Lecture 22\Slide4.json,0,4,0,,0,0,,0.0,,0.0
Lecture 23,Slide9,Lecture 23\Slide9.json,1,5,4,0,0,0,0,0.0,0.0,0.0
Lecture 3,Slide17,Lecture 3\Slide17.json,1,5,11,0,0,0,0,0.0,0.0,0.0
Lecture 3,Slide2,Lecture 3\Slide2.json,1,5,5,0,0,0,0,0.0,0.0,0.0
Lecture 3,Slide20,Lecture 3\Slide20.json,1,5,18,0,0,0,0,0.0,0.0,0.0
Lecture 3,Slide26,Lecture 3\Slide26.json,1,5,18,0,0,0,0,0.0,0.0,0.0
Lecture 3,Slide4,Lecture 3\Slide4.json,1,5,26,0,0,0,0,0.0,0.0,0.0
Lecture 3,Slide40,Lecture 3\Slide40.json,1,5,7,0,0,0,0,0.0,0.0,0.0
Lecture 4,Slide1,Lecture 4\Slide1.json,1,5,17,0,0,0,0,0.0,0.0,0.0
Lecture 5,Slide1,Lecture 5\Slide1.json,1,5,16,0,0,0,0,0.0,0.0,0.0
Lecture 5,Slide30,Lecture 5\Slide30.json,1,5,13,0,0,0,0,0.0,0.0,0.0
Lecture 5,Slide37,Lecture 5\Slide37.json,1,5,3,0,0,0,0,0.0,0.0,0.0
Lecture 5,Slide38,Lecture 5\Slide38.json,1,5,3,0,0,0,0,0.0,0.0,0.0
Lecture 5,Slide39,Lecture 5\Slide39.json,1,5,3,0,0,0,0,0.0,0.0,0.0
Lecture 5,Slide4,Lecture 5\Slide4.json,1,5,3,0,0,0,0,0.0,0.0,0.0
Lecture 5,Slide48,Lecture 5\Slide48.json,1,5,3,0,0,0,0,0.0,0.0,0.0
Lecture 5,Slide50,Lecture 5\Slide50.json,1,5,14,0,0,0,0,0.0,0.0,0.0
Lecture 5,Slide7,Lecture 5\Slide7.json,1,5,3,0,0,0,0,0.0,0.0,0.0
Lecture 8,Slide2,Lecture 8\Slide2.json,1,5,4,0,0,0,0,0.0,0.0,0.0
